NO,名称,住所,都道府県名,市区町村名,災害種別_洪水,災害種別_崖崩れ、土石流及び地滑り,災害種別_高潮,災害種別_地震,災害種別_津波,災害種別_大規模な火事,災害種別_内水氾濫,災害種別_火山現象,指定避難所との重複,想定収容人数
1,市立稲毛高等学校・附属中学校・国際中等教育学校,千葉県千葉市美浜区高浜3-1-1,千葉県,千葉市,1,1,1,1,1,,1,,1,13050
2,旧花見川第三小学校（跡施設）,千葉県千葉市花見川区花見川1-1,千葉県,千葉市,1,1,1,1,1,,1,,1,3810
3,愛生運動広場,千葉県千葉市若葉区愛生町102-1,千葉県,千葉市,1,1,1,1,1,,1,,,6070
4,浜田公園,千葉県千葉市美浜区浜田2-126,千葉県,千葉市,1,1,,1,1,,1,,,3590
5,県立千葉女子高等学校,千葉県千葉市稲毛区小仲台5-10-1,千葉県,千葉市,1,1,1,1,1,,1,,1,7220
6,花島小学校,千葉県千葉市花見川区花見川8-1,千葉県,千葉市,1,1,1,1,1,,1,,1,5020
7,千葉職業能力開発短期大学校,千葉県千葉市中央区問屋町2-25,千葉県,千葉市,,,,,1,,,,,2688
8,科学館,千葉県千葉市中央区中央4-5-1,千葉県,千葉市,1,1,1,1,1,,1,,1,190
9,子育て支援館,千葉県千葉市中央区中央4-5-1,千葉県,千葉市,1,1,1,1,1,,1,,1,190
10,新宿小学校,千葉県千葉市中央区新宿2-15-1,千葉県,千葉市,1,1,1,1,1,,1,,1,4790
11,県立柏井高等学校,千葉県千葉市花見川区柏井町1452,千葉県,千葉市,1,1,1,1,1,,1,,1,11200
12,柏台小学校,千葉県千葉市稲毛区園生町588,千葉県,千葉市,1,1,1,1,1,,1,,1,5510
13,緑が丘公民館,千葉県千葉市稲毛区宮野木町1807-3,千葉県,千葉市,1,1,1,1,1,,1,,1,210
14,宮野木小学校,千葉県千葉市稲毛区宮野木町2100,千葉県,千葉市,1,1,1,1,1,,1,,1,4500
15,宮野木スポーツセンター体育館,千葉県千葉市稲毛区宮野木町2150-4,千葉県,千葉市,1,1,1,1,1,,1,,1,690
16,県立京葉工業高等学校,千葉県千葉市稲毛区穴川4-11-32,千葉県,千葉市,1,1,1,1,1,,1,,1,9150
17,穴川コミュニティセンター,千葉県千葉市稲毛区穴川4-12-3,千葉県,千葉市,1,1,1,1,1,,1,,1,1060
18,轟公民館,千葉県千葉市稲毛区轟町1-12-3,千葉県,千葉市,1,1,1,1,1,,1,,1,300
19,県立千葉東高等学校,千葉県千葉市稲毛区轟町1-18-52,千葉県,千葉市,1,1,1,1,1,,1,,1,7950
20,轟町小学校,千葉県千葉市稲毛区轟町3-4-30,千葉県,千葉市,1,1,1,1,1,,1,,1,4630
21,轟町中学校,千葉県千葉市稲毛区轟町3-5-14,千葉県,千葉市,1,1,1,1,1,,1,,1,4690
22,市立第二養護学校,千葉県千葉市稲毛区轟町3-6-25,千葉県,千葉市,1,1,1,1,1,,1,,1,2850
23,黒砂公民館,千葉県千葉市稲毛区黒砂2-4-18,千葉県,千葉市,1,1,1,1,1,,1,,1,300
24,西千葉公園,千葉県千葉市稲毛区黒砂台3-1,千葉県,千葉市,1,1,1,1,1,,1,,,8480
25,都賀公民館,千葉県千葉市稲毛区作草部2-8-53,千葉県,千葉市,1,1,1,1,1,,1,,1,210
26,千草台東小学校,千葉県千葉市稲毛区作草部町1298-1,千葉県,千葉市,1,1,1,1,1,,1,,1,4950
27,都賀中学校,千葉県千葉市稲毛区作草部町1306-1,千葉県,千葉市,1,1,1,1,1,,1,,1,5600
28,都賀小学校,千葉県千葉市稲毛区作草部町938,千葉県,千葉市,1,1,1,1,1,,1,,1,4940
29,山王小学校,千葉県千葉市稲毛区山王町121,千葉県,千葉市,1,1,1,1,1,,1,,1,5540
30,山王ふれあい公園,千葉県千葉市稲毛区山王町182,千葉県,千葉市,1,1,1,1,1,,1,,,3840
31,小中台西公園,千葉県千葉市稲毛区小中台町400-1,千葉県,千葉市,1,1,1,1,1,,1,,,3660
32,小園公園,千葉県千葉市稲毛区小仲台4-2,千葉県,千葉市,1,1,1,1,1,,1,,,4560
33,仲よし公園,千葉県千葉市稲毛区小仲台5-1,千葉県,千葉市,1,1,1,1,1,,1,,,3020
34,小中台公民館,千葉県千葉市稲毛区小仲台5-7-1,千葉県,千葉市,1,1,1,1,1,,1,,1,370
35,小中台小学校,千葉県千葉市稲毛区小仲台6-34-1,千葉県,千葉市,1,1,1,1,1,,1,,1,4770
36,小中台南小学校,千葉県千葉市稲毛区小仲台8-15-1,千葉県,千葉市,1,1,1,1,1,,1,,1,4600
37,園生小学校,千葉県千葉市稲毛区小仲台9-30-1,千葉県,千葉市,1,1,1,1,1,,1,,1,5460
38,市立千葉高等学校,千葉県千葉市稲毛区小仲台9-46-1,千葉県,千葉市,1,1,1,1,1,,1,,1,13980
39,小中台中学校,千葉県千葉市稲毛区小仲台9-46-2,千葉県,千葉市,1,1,1,1,1,,1,,1,5580
40,千草台中学校,千葉県千葉市稲毛区千草台2-3-1,千葉県,千葉市,1,1,1,1,1,,1,,1,5420
41,長沼原勤労市民プラザ,千葉県千葉市稲毛区長沼原町304-1,千葉県,千葉市,1,1,1,1,1,,1,,1,430
42,スマートコミュニティ稲毛グラウンド,千葉県千葉市稲毛区長沼原町882-1,千葉県,千葉市,1,1,1,1,1,1,1,,,29670
43,県立千葉北高等学校,千葉県千葉市稲毛区長沼町153,千葉県,千葉市,1,1,1,1,1,,1,,1,9660
44,長沼町公園,千葉県千葉市稲毛区長沼町255-1,千葉県,千葉市,1,1,1,1,1,,1,,,3800
45,長沼コミュニティセンター,千葉県千葉市稲毛区長沼町461-8,千葉県,千葉市,1,1,1,1,1,,1,,1,1060
46,千草台公民館,千葉県千葉市稲毛区天台3-16-5,千葉県,千葉市,1,1,1,1,1,,1,,1,200
47,千草台小学校,千葉県千葉市稲毛区天台5-11-1,千葉県,千葉市,1,1,1,1,1,,1,,1,4400
48,千葉県総合スポーツセンター,千葉県千葉市稲毛区天台町323,千葉県,千葉市,1,1,1,1,1,1,1,,,176820
49,千葉大学構内（※建物を含まない）,千葉県千葉市稲毛区弥生町1-33,千葉県,千葉市,1,1,1,1,1,1,1,,,136820
50,弥生小学校,千葉県千葉市稲毛区弥生町3-18,千葉県,千葉市,1,1,1,1,1,,1,,1,2830
51,緑町小学校,千葉県千葉市稲毛区緑町2-13-1,千葉県,千葉市,1,1,1,1,1,,1,,1,4100
52,緑町中学校,千葉県千葉市稲毛区緑町2-3-1,千葉県,千葉市,1,1,1,1,1,,1,,1,5790
53,山王公民館,千葉県千葉市稲毛区六方町55-29,千葉県,千葉市,1,1,1,1,1,,1,,1,200
54,こてはし台小学校,千葉県千葉市花見川区こてはし台2-28-1,千葉県,千葉市,1,1,1,1,1,,1,,1,4320
55,こてはし台公園,千葉県千葉市花見川区こてはし台4-21,千葉県,千葉市,1,1,1,1,1,,1,,,4290
56,こてはし台中学校,千葉県千葉市花見川区こてはし台5-15-1,千葉県,千葉市,1,1,1,1,1,,1,,1,7060
57,犢橋貝塚公園,千葉県千葉市花見川区さつきが丘1-18,千葉県,千葉市,1,1,1,1,1,,1,,,10500
58,さつきが丘公民館,千葉県千葉市花見川区さつきが丘1-32-4,千葉県,千葉市,1,1,1,1,1,,1,,1,200
59,さつきが丘東小学校,千葉県千葉市花見川区さつきが丘1-7,千葉県,千葉市,1,1,1,1,1,,1,,1,5040
60,さつきが丘西小学校,千葉県千葉市花見川区さつきが丘2-14,千葉県,千葉市,1,1,1,1,1,,1,,1,5810
61,さつきが丘中学校,千葉県千葉市花見川区さつきが丘2-15,千葉県,千葉市,1,1,1,1,1,,1,,1,8450
62,神場公園,千葉県千葉市花見川区さつきが丘2-17,千葉県,千葉市,1,1,1,1,1,,1,,,8460
63,宇那谷み春野公園,千葉県千葉市花見川区宇那谷町2115,千葉県,千葉市,1,1,1,1,1,,1,,,3270
64,横戸小学校,千葉県千葉市花見川区横戸町1005,千葉県,千葉市,1,1,1,1,1,,1,,1,5870
65,こてはし台公民館,千葉県千葉市花見川区こてはし台5-9-7,千葉県,千葉市,1,1,1,1,1,,1,,1,120
66,花園公民館,千葉県千葉市花見川区花園3-12-8,千葉県,千葉市,1,1,1,1,1,,1,,1,360
67,花園中学校,千葉県千葉市花見川区花園4-1-1,千葉県,千葉市,1,1,1,1,1,,1,,1,5930
68,花園小学校,千葉県千葉市花見川区花園4-1-2,千葉県,千葉市,1,1,1,1,1,,1,,1,3900
69,花見川小学校,千葉県千葉市花見川区花見川4-1,千葉県,千葉市,1,1,1,1,1,,1,,1,3460
70,旧花見川第二小学校（跡施設）,千葉県千葉市花見川区花見川6-1,千葉県,千葉市,1,1,1,1,1,1,1,,1,3350
71,花見川中学校一帯,千葉県千葉市花見川区花見川6-1,千葉県,千葉市,1,1,1,1,1,1,1,,1,10030
72,花見川中学校,千葉県千葉市花見川区花見川6-2,千葉県,千葉市,1,1,1,1,1,1,1,,1,5850
73,花島コミュニティセンター,千葉県千葉市花見川区花島町308,千葉県,千葉市,1,1,1,1,1,,1,,1,980
74,花島公園,千葉県千葉市花見川区花島町493-1,千葉県,千葉市,1,1,1,1,1,,1,,,41070
75,検見川小学校,千葉県千葉市花見川区検見川町3-322-23,千葉県,千葉市,1,1,1,1,1,,1,,1,4140
76,検見川公民館,千葉県千葉市花見川区検見川町3-322-25,千葉県,千葉市,1,1,1,1,1,,1,,1,230
77,作新小学校,千葉県千葉市花見川区作新台7-2-1,千葉県,千葉市,1,1,1,1,1,,1,,1,4710
78,犢橋中学校,千葉県千葉市花見川区三角町656-2,千葉県,千葉市,1,1,1,1,1,1,1,,1,5700
79,瑞穂小学校,千葉県千葉市花見川区瑞穂1-2,千葉県,千葉市,1,1,1,1,1,,1,,1,3740
80,西小中台小学校,千葉県千葉市花見川区西小中台3-1,千葉県,千葉市,1,1,1,1,1,,1,,1,3990
81,千葉工業大学グラウンド一帯,千葉県千葉市花見川区千種町300,千葉県,千葉市,1,1,1,1,1,1,1,,,93500
82,県立犢橋高等学校,千葉県千葉市花見川区千種町381-1,千葉県,千葉市,1,1,1,1,1,1,1,,1,9040
83,朝日ヶ丘公民館,千葉県千葉市花見川区朝日ケ丘1-1-30,千葉県,千葉市,1,1,1,1,1,,1,,1,210
84,朝日ヶ丘中学校,千葉県千葉市花見川区朝日ケ丘2-4-1,千葉県,千葉市,1,1,1,1,1,,1,,1,5740
85,朝日ヶ丘小学校,千葉県千葉市花見川区朝日ケ丘2-6-1,千葉県,千葉市,1,1,1,1,1,,1,,1,4050
86,東大検見川総合運動場,千葉県千葉市花見川区朝日ケ丘町,千葉県,千葉市,1,1,1,1,1,1,1,,,105600
87,長作小学校,千葉県千葉市花見川区長作町1273,千葉県,千葉市,1,1,1,1,1,,1,,1,3870
88,長作公民館,千葉県千葉市花見川区長作町1722-1,千葉県,千葉市,1,1,1,1,1,,1,,1,210
89,旧花見川第二中学校（跡施設）,千葉県千葉市花見川区天戸町1428-1,千葉県,千葉市,1,1,1,1,1,,1,,1,5260
90,天戸中学校,千葉県千葉市花見川区天戸町1429,千葉県,千葉市,1,1,1,1,1,,1,,1,6190
91,柏井小学校,千葉県千葉市花見川区柏井4-48-1,千葉県,千葉市,1,1,1,1,1,,1,,1,4870
92,花見川公民館,千葉県千葉市花見川区柏井町1590-8,千葉県,千葉市,1,1,1,1,1,,1,,1,240
93,鷹之台カンツリー倶楽部（※建物を含まない）,千葉県千葉市花見川区柏井町,千葉県,千葉市,1,1,1,1,1,1,1,,,277200
94,畑コミュニティセンター,千葉県千葉市花見川区畑町1336-2,千葉県,千葉市,1,1,1,1,1,,1,,1,990
95,畑小学校,千葉県千葉市花見川区畑町1385-1,千葉県,千葉市,1,1,1,1,1,,1,,1,3880
96,幕張南小学校,千葉県千葉市花見川区幕張町3-7718,千葉県,千葉市,1,1,1,1,1,,1,,1,4270
97,幕張舟溜跡公園,千葉県千葉市花見川区幕張町3-7730-2,千葉県,千葉市,1,1,,1,1,,1,,,6180
98,幕張コミュニティセンター,千葉県千葉市花見川区幕張町3-7730-4,千葉県,千葉市,1,1,1,1,1,,1,,1,1240
99,幕張中学校,千葉県千葉市花見川区幕張町4-45,千葉県,千葉市,1,1,1,1,1,,1,,1,5280
100,幕張公民館,千葉県千葉市花見川区幕張町4-602,千葉県,千葉市,1,1,1,1,1,,1,,1,480
101,幕張東小学校,千葉県千葉市花見川区幕張町4-681,千葉県,千葉市,1,1,1,1,1,,1,,1,5560
102,幕張小学校,千葉県千葉市花見川区幕張町4-781,千葉県,千葉市,1,1,1,1,1,,1,,1,3650
103,幕張本郷公民館,千葉県千葉市花見川区幕張本郷2-19-33,千葉県,千葉市,1,1,1,1,1,,1,,1,290
104,一本松公園,千葉県千葉市花見川区幕張本郷2-33,千葉県,千葉市,1,1,1,1,1,,1,,,5760
105,西の谷小学校,千葉県千葉市花見川区幕張本郷3-22-6,千葉県,千葉市,1,1,1,1,1,,1,,1,3470
106,上の台小学校,千葉県千葉市花見川区幕張本郷4-8-1,千葉県,千葉市,1,1,1,1,1,,1,,1,4870
107,幕張本郷中学校,千葉県千葉市花見川区幕張本郷5-18-1,千葉県,千葉市,1,1,1,1,1,,1,,1,5620
108,幕張台公園,千葉県千葉市花見川区幕張本郷7-23,千葉県,千葉市,1,1,1,1,1,,1,,,3720
109,犢橋公民館,千葉県千葉市花見川区犢橋町162-1,千葉県,千葉市,1,1,1,1,1,,1,,1,80
110,緑が丘中学校,千葉県千葉市花見川区犢橋町213-4,千葉県,千葉市,1,1,1,1,1,,1,,1,6820
111,犢橋小学校,千葉県千葉市花見川区犢橋町774,千葉県,千葉市,1,1,1,1,1,,1,,1,3970
112,みつわ台南小学校,千葉県千葉市若葉区みつわ台1-17-1,千葉県,千葉市,1,1,1,1,1,,1,,1,5020
113,みつわ台第１公園,千葉県千葉市若葉区みつわ台1-18,千葉県,千葉市,1,1,1,1,1,,1,,,6110
114,みつわ台公園,千葉県千葉市若葉区みつわ台1-28,千葉県,千葉市,1,1,1,1,1,,1,,,3920
115,みつわ台中学校,千葉県千葉市若葉区みつわ台2-41-1,千葉県,千葉市,1,1,1,1,1,,1,,1,8530
116,みつわ台公民館,千葉県千葉市若葉区みつわ台3-12-17,千葉県,千葉市,1,1,1,1,1,,1,,1,240
117,みつわ台第２公園,千葉県千葉市若葉区みつわ台3-2,千葉県,千葉市,1,1,1,1,1,,1,,,8310
118,みつわ台体育館,千葉県千葉市若葉区みつわ台3-3-1,千葉県,千葉市,1,1,1,1,1,,1,,1,460
119,みつわ台北小学校,千葉県千葉市若葉区みつわ台3-5-1,千葉県,千葉市,1,1,1,1,1,,1,,1,5600
120,旧更科小学校下田分校（跡施設）,千葉県千葉市若葉区下田町573,千葉県,千葉市,1,1,1,1,1,,1,,,290
121,県立桜が丘特別支援学校,千葉県千葉市若葉区加曽利町1538,千葉県,千葉市,1,1,1,1,1,,1,,1,1080
122,加曽利公民館,千葉県千葉市若葉区加曽利町892-6,千葉県,千葉市,1,1,1,1,1,,1,,1,160
123,加曽利中学校,千葉県千葉市若葉区加曽利町961-5,千葉県,千葉市,1,1,1,1,1,,1,,1,5600
124,北貝塚小学校,千葉県千葉市若葉区貝塚町1093,千葉県,千葉市,1,1,1,1,1,,1,,1,3550
125,貝塚中学校,千葉県千葉市若葉区貝塚1-7-1,千葉県,千葉市,1,1,1,1,1,,1,,1,6770
126,千葉刑務所,千葉県千葉市若葉区貝塚町192,千葉県,千葉市,1,1,1,1,1,,1,,1,250
127,源小学校,千葉県千葉市若葉区源町541-6,千葉県,千葉市,1,1,1,1,1,,1,,1,4840
128,御成台公園,千葉県千葉市若葉区御成台3-1182-2,千葉県,千葉市,1,1,1,1,1,,1,,,10500
129,更科小学校,千葉県千葉市若葉区更科町2073,千葉県,千葉市,1,1,1,1,1,,1,,1,2710
130,更科中学校,千葉県千葉市若葉区更科町2112,千葉県,千葉市,1,1,1,1,1,,1,,1,3700
131,更科公民館,千葉県千葉市若葉区更科町2254-1,千葉県,千葉市,1,1,1,1,1,,1,,1,200
132,県立泉高等学校,千葉県千葉市若葉区高根町875-1,千葉県,千葉市,1,1,1,1,1,,1,,1,9950
133,坂月小学校,千葉県千葉市若葉区坂月町298,千葉県,千葉市,1,1,1,1,1,,1,,1,4440
134,桜木公園,千葉県千葉市若葉区桜木1-423,千葉県,千葉市,1,1,1,1,1,,1,,,6140
135,加曽利貝塚縄文遺跡公園,千葉県千葉市若葉区桜木2-81-1,千葉県,千葉市,1,1,1,1,1,1,1,,,53840
136,桜木公民館,千葉県千葉市若葉区桜木3-17-29,千葉県,千葉市,1,1,1,1,1,,1,,1,310
137,桜木小学校,千葉県千葉市若葉区桜木3-26-1,千葉県,千葉市,1,1,1,1,1,,1,,1,4150
138,若松台小学校,千葉県千葉市若葉区若松台2-25-1,千葉県,千葉市,1,1,1,1,1,,1,,1,3870
139,若松中学校,千葉県千葉市若葉区若松町2106-2,千葉県,千葉市,1,1,1,1,1,,1,,1,5940
140,若松公民館,千葉県千葉市若葉区若松町2117-2,千葉県,千葉市,1,1,1,1,1,,1,,1,200
141,若松小学校,千葉県千葉市若葉区若松町360-1,千葉県,千葉市,1,1,1,1,1,,1,,1,5540
142,県立若松高等学校,千葉県千葉市若葉区若松町429,千葉県,千葉市,1,1,1,1,1,,1,,1,16690
143,山王中学校,千葉県千葉市若葉区若松町774,千葉県,千葉市,1,1,1,1,1,,1,,1,4890
144,陸上自衛隊高射学校（※建物を含まない）,千葉県千葉市若葉区若松町902,千葉県,千葉市,1,1,1,1,1,1,1,,,44480
145,小倉台公園,千葉県千葉市若葉区小倉台4-7,千葉県,千葉市,1,1,1,1,1,,1,,,3620
146,小倉小学校,千葉県千葉市若葉区小倉台5-1-1,千葉県,千葉市,1,1,1,1,1,,1,,1,6090
147,千城台西公園,千葉県千葉市若葉区千城台西1-15,千葉県,千葉市,1,1,1,1,1,,1,,,3480
148,千城台コミュニティセンター,千葉県千葉市若葉区千城台西2-1-1,千葉県,千葉市,1,1,1,1,1,,1,,1,2030
149,千城台公民館,千葉県千葉市若葉区千城台西2-1-1,千葉県,千葉市,1,1,1,1,1,,1,,1,410
150,県立千城台高等学校,千葉県千葉市若葉区千城台西2-1-1,千葉県,千葉市,1,1,1,1,1,,1,,1,10940
151,千城台西中学校,千葉県千葉市若葉区千城台西2-20-1,千葉県,千葉市,1,1,1,1,1,,1,,1,7520
152,千城台東小学校,千葉県千葉市若葉区千城台東1-15-1,千葉県,千葉市,1,1,1,1,1,,1,,1,4280
153,御成公園,千葉県千葉市若葉区千城台東2-45,千葉県,千葉市,1,1,1,1,1,,1,,,6570
154,千城台みらい小学校,千葉県千葉市若葉区千城台東3-18-1,千葉県,千葉市,1,1,1,1,1,,1,,1,4570
155,千城台南中学校,千葉県千葉市若葉区千城台南1-20-1,千葉県,千葉市,1,1,1,1,1,1,1,,1,6000
156,千城台公園一帯,千葉県千葉市若葉区千城台南1-21,千葉県,千葉市,1,1,1,1,1,1,1,,,15180
157,千城台わかば小学校,千葉県千葉市若葉区千城台北1-4-1,千葉県,千葉市,1,1,1,1,1,,1,,1,5390
158,城北公園,千葉県千葉市若葉区千城台北2-1,千葉県,千葉市,1,1,1,1,1,,1,,,3170
159,大宮小学校,千葉県千葉市若葉区大宮台7-8-1,千葉県,千葉市,1,1,1,1,1,,1,,1,4880
160,市立養護学校,千葉県千葉市若葉区大宮町1066-1,千葉県,千葉市,1,1,1,1,1,,1,,1,5600
161,大宮中学校,千葉県千葉市若葉区大宮町2077,千葉県,千葉市,1,1,1,1,1,,1,,1,6360
162,大宮中学校一帯,千葉県千葉市若葉区大宮町2077,千葉県,千葉市,1,1,1,1,1,1,1,,1,308000
163,旧大宮台小学校（跡施設）,千葉県千葉市若葉区大宮町2082,千葉県,千葉市,1,1,1,1,1,1,1,,1,6070
164,千城小学校,千葉県千葉市若葉区大宮町2655,千葉県,千葉市,1,1,1,1,1,,1,,1,7360
165,県立千葉大宮高等学校,千葉県千葉市若葉区大宮町2699-1,千葉県,千葉市,1,1,1,1,1,,1,,1,10610
166,大宮公民館,千葉県千葉市若葉区大宮町3221-2,千葉県,千葉市,1,1,1,1,1,,1,,1,200
167,美しの森公園,千葉県千葉市若葉区都賀2-5,千葉県,千葉市,1,1,1,1,1,,1,,,3000
168,都賀コミュニティセンター,千葉県千葉市若葉区都賀4-20-1,千葉県,千葉市,1,1,1,1,1,,1,,1,1000
169,都賀の台小学校,千葉県千葉市若葉区都賀の台2-13-1,千葉県,千葉市,1,1,1,1,1,,1,,1,3970
170,袖ヶ浦カンツリー倶楽部新袖コース（※建物を含まない）,千葉県千葉市若葉区富田町1140,千葉県,千葉市,1,1,1,1,1,1,1,,,189750
171,更科小学校富田分校,千葉県千葉市若葉区富田町83,千葉県,千葉市,1,1,1,1,1,,1,,,1010
172,泉自然公園,千葉県千葉市若葉区野呂町108,千葉県,千葉市,1,1,1,1,1,1,1,,,170000
173,白井小学校,千葉県千葉市若葉区野呂町215,千葉県,千葉市,1,1,1,1,1,,1,,1,4080
174,白井公民館,千葉県千葉市若葉区野呂町622-10,千葉県,千葉市,1,1,1,1,1,,1,,1,300
175,白井中学校,千葉県千葉市若葉区野呂町623,千葉県,千葉市,1,1,1,1,1,,1,,1,4980
176,生浜西小学校,千葉県千葉市中央区塩田町316-1,千葉県,千葉市,1,1,1,1,1,,1,,1,5020
177,県立生浜高等学校,千葉県千葉市中央区塩田町372,千葉県,千葉市,1,1,1,1,1,,1,,1,12230
178,県立千葉南高等学校,千葉県千葉市中央区花輪町45-3,千葉県,千葉市,1,1,1,1,1,1,1,,1,12640
179,県立千葉高等学校,千葉県千葉市中央区葛城1-5-2,千葉県,千葉市,1,1,1,1,1,,1,,1,8210
180,葛城中学校,千葉県千葉市中央区葛城2-9-1,千葉県,千葉市,1,1,1,1,1,,1,,1,5070
181,葛城公民館,千葉県千葉市中央区葛城2-9-2,千葉県,千葉市,1,1,1,1,1,,1,,1,160
182,寒川小学校,千葉県千葉市中央区寒川町1-205,千葉県,千葉市,1,1,1,1,1,,1,,1,4070
183,宮崎小学校,千葉県千葉市中央区宮崎2-3-13,千葉県,千葉市,1,1,1,1,1,,1,,1,4000
184,菰池公園,千葉県千葉市中央区宮崎2-4,千葉県,千葉市,1,1,1,1,1,,1,,,3360
185,宮崎公民館,千葉県千葉市中央区宮崎2-5-22,千葉県,千葉市,1,1,1,1,1,,1,,1,460
186,蘇我コミュニティセンター,千葉県千葉市中央区今井1-14-43,千葉県,千葉市,1,1,1,1,1,,1,,1,2210
187,蘇我小学校,千葉県千葉市中央区今井3-15-32,千葉県,千葉市,1,1,1,1,1,,1,,1,5250
188,県立千葉工業高等学校,千葉県千葉市中央区今井町1478,千葉県,千葉市,1,1,1,1,1,1,1,,1,11190
189,県立千葉工業高等学校一帯,千葉県千葉市中央区今井町1478,千葉県,千葉市,1,1,1,1,1,1,1,,1,14230
190,羽衣公園,千葉県千葉市中央区市場町1-1,千葉県,千葉市,1,1,,1,1,,1,,,1780
191,松ヶ丘公民館,千葉県千葉市中央区松ケ丘町257-2,千葉県,千葉市,1,1,1,1,1,,1,,1,450
192,松ヶ丘中学校,千葉県千葉市中央区松ケ丘町440,千葉県,千葉市,1,1,1,1,1,,1,,1,4650
193,松ヶ丘小学校,千葉県千葉市中央区松ケ丘町580,千葉県,千葉市,1,1,1,1,1,,1,,1,3900
194,県立千葉商業高等学校,千葉県千葉市中央区松波2-22-48,千葉県,千葉市,1,1,1,1,1,,1,,1,8280
195,新宿公民館,千葉県千葉市中央区新宿2-16-14,千葉県,千葉市,1,1,1,1,1,,1,,1,480
196,仁戸名小学校,千葉県千葉市中央区仁戸名町380,千葉県,千葉市,1,1,1,1,1,,1,,1,3760
197,ニューサンピア千葉一帯（※建物を含まない）,千葉県千葉市中央区仁戸名町705,千葉県,千葉市,1,1,1,1,1,1,1,,,63320
198,星久喜小学校,千葉県千葉市中央区星久喜町1060,千葉県,千葉市,1,1,1,1,1,,1,,1,5930
199,都市緑化植物園,千葉県千葉市中央区星久喜町278,千葉県,千葉市,1,1,1,1,1,,1,,1,10290
200,星久喜公民館,千葉県千葉市中央区星久喜町615-7,千葉県,千葉市,1,1,1,1,1,,1,,1,160
201,星久喜中学校,千葉県千葉市中央区星久喜町823,千葉県,千葉市,1,1,1,1,1,,1,,1,5120
202,生浜東小学校,千葉県千葉市中央区生実町1928,千葉県,千葉市,1,1,1,1,1,,1,,1,5510
203,生浜公民館,千葉県千葉市中央区生実町67-1,千葉県,千葉市,1,1,1,1,1,,1,,1,320
204,青葉の森公園,千葉県千葉市中央区青葉町654,千葉県,千葉市,1,1,1,1,1,1,1,,,117600
205,青葉の森公園芸術文化ホール,千葉県千葉市中央区青葉町977-1,千葉県,千葉市,1,1,1,1,1,,1,,1,350
206,みなと公園,千葉県千葉市中央区千葉港6,千葉県,千葉市,1,1,,1,1,1,1,,,13520
207,ハーモニープラザ,千葉県千葉市中央区千葉寺町1208-2,千葉県,千葉市,1,1,1,1,1,,1,,1,300
208,川戸公民館,千葉県千葉市中央区川戸町403-1,千葉県,千葉市,1,1,1,1,1,,1,,1,160
209,川戸中学校,千葉県千葉市中央区川戸町443,千葉県,千葉市,1,1,1,1,1,,1,,1,6300
210,川戸小学校,千葉県千葉市中央区川戸町450,千葉県,千葉市,1,1,1,1,1,,1,,1,3920
211,フクダ電子アリーナ,千葉県千葉市中央区川崎町1-20,千葉県,千葉市,,,,,1,,,,,17000
212,そが野ふれあい公園,千葉県千葉市中央区蘇我5-29,千葉県,千葉市,1,1,1,1,1,,1,,,3210
213,大巌寺小学校,千葉県千葉市中央区大巌寺町375,千葉県,千葉市,1,1,1,1,1,,1,,1,4020
214,大森小学校,千葉県千葉市中央区大森町268,千葉県,千葉市,1,1,1,1,1,,1,,1,5350
215,子ども交流館,千葉県千葉市中央区中央4-5-1,千葉県,千葉市,1,1,1,1,1,,1,,1,680
216,椿森中学校,千葉県千葉市中央区椿森4-1-1,千葉県,千葉市,1,1,1,1,1,,1,,1,5030
217,椿森公民館,千葉県千葉市中央区椿森6-1-11,千葉県,千葉市,1,1,1,1,1,,1,,1,160
218,鶴沢小学校,千葉県千葉市中央区鶴沢町21-1,千葉県,千葉市,1,1,1,1,1,,1,,1,3180
219,登戸小学校,千葉県千葉市中央区登戸2-11-1,千葉県,千葉市,1,1,1,1,1,,1,,1,3070
220,都公園,千葉県千葉市中央区都町2-14,千葉県,千葉市,1,1,,1,1,,1,,,4070
221,都小学校,千葉県千葉市中央区都町4-2-1,千葉県,千葉市,1,1,1,1,1,,1,,1,4330
222,千葉明徳学園,千葉県千葉市中央区南生実町1412,千葉県,千葉市,1,1,1,1,1,1,1,,1,2470
223,生浜中学校,千葉県千葉市中央区南生実町258,千葉県,千葉市,1,1,1,1,1,,1,,1,6610
224,ＪＦＥ千葉体育館一帯（※建物を含まない）,千葉県千葉市中央区南町1-3-1,千葉県,千葉市,1,1,,1,1,1,1,,,11310
225,南部青少年センター,千葉県千葉市中央区白旗1-3-16,千葉県,千葉市,1,1,1,1,1,,1,,1,600
226,蘇我中学校,千葉県千葉市中央区白旗1-5-3,千葉県,千葉市,1,1,1,1,1,,1,,1,5880
227,生浜小学校,千葉県千葉市中央区浜野町1335,千葉県,千葉市,1,1,1,1,1,,1,,1,5350
228,弁天小学校,千葉県千葉市中央区弁天1-21-2,千葉県,千葉市,1,1,1,1,1,,1,,1,3990
229,千葉公園（※建物を含まない）,千葉県千葉市中央区弁天3-1,千葉県,千葉市,1,1,1,1,1,1,1,,,64500
230,本町小学校,千葉県千葉市中央区本町2-6-23,千葉県,千葉市,1,1,1,1,1,,1,,1,4470
231,末広中学校,千葉県千葉市中央区末広2-10-1,千葉県,千葉市,1,1,1,1,1,,1,,1,5230
232,末広公民館,千葉県千葉市中央区末広3-2-2,千葉県,千葉市,1,1,,1,1,,1,,1,160
233,千葉ポートアリーナ,千葉県千葉市中央区問屋町1-20,千葉県,千葉市,1,1,,1,1,,1,,1,1630
234,千葉ポートスクエア,千葉県千葉市中央区問屋町1-35,千葉県,千葉市,,,,,1,,,,,1630
235,新宿中学校,千葉県千葉市中央区問屋町1-73,千葉県,千葉市,1,1,1,1,1,,1,,1,5340
236,院内小学校,千葉県千葉市中央区祐光1-25-3,千葉県,千葉市,1,1,1,1,1,,1,,1,3510
237,市民会館,千葉県千葉市中央区要町1-1,千葉県,千葉市,1,1,1,1,1,,1,,1,2390
238,幕張海浜公園,千葉県千葉市美浜区ひび野2,千葉県,千葉市,1,1,,1,1,1,1,,,123200
239,磯辺第三小学校,千葉県千葉市美浜区磯辺1-25-1,千葉県,千葉市,1,1,1,1,1,,1,,1,3980
240,磯辺公園,千葉県千葉市美浜区磯辺1-26,千葉県,千葉市,1,1,,1,1,,1,,,3900
241,磯辺公民館,千葉県千葉市美浜区磯辺1-48-1,千葉県,千葉市,1,1,,1,1,,1,,1,200
242,磯辺スポーツセンター,千葉県千葉市美浜区磯辺1-50-1,千葉県,千葉市,1,1,,1,1,,1,,1,5030
243,県立磯辺高等学校,千葉県千葉市美浜区磯辺2-7-1,千葉県,千葉市,1,1,1,1,1,,1,,1,14380
244,県立千葉西高等学校,千葉県千葉市美浜区磯辺3-30-3,千葉県,千葉市,1,1,1,1,1,,1,,1,11220
245,磯辺小学校,千葉県千葉市美浜区磯辺4-16-1,千葉県,千葉市,1,1,1,1,1,,1,,1,4840
246,中磯辺公園,千葉県千葉市美浜区磯辺4-27,千葉県,千葉市,1,1,,1,1,,1,,,5720
247,北磯辺公園,千葉県千葉市美浜区磯辺6-4,千葉県,千葉市,1,1,,1,1,,1,,,1780
248,磯辺中学校,千葉県千葉市美浜区磯辺7-1-1,千葉県,千葉市,1,1,1,1,1,,1,,1,8770
249,稲浜小学校,千葉県千葉市美浜区稲毛海岸2-3-2,千葉県,千葉市,1,1,1,1,1,1,1,,1,3630
250,稲浜中学校,千葉県千葉市美浜区稲毛海岸2-3-3,千葉県,千葉市,1,1,1,1,1,1,1,,1,6420
251,稲毛海岸公園一帯,千葉県千葉市美浜区稲毛海岸2-3,千葉県,千葉市,1,1,1,1,1,1,1,,,19190
252,稲浜公民館,千葉県千葉市美浜区稲毛海岸3-4-1,千葉県,千葉市,1,1,,1,1,,1,,1,470
253,稲毛第二小学校,千葉県千葉市美浜区稲毛海岸5-7-1,千葉県,千葉市,1,1,1,1,1,,1,,1,4580
254,幸町第三小学校,千葉県千葉市美浜区幸町1-10-1,千葉県,千葉市,1,1,1,1,1,1,1,,1,3490
255,幸町第二中学校,千葉県千葉市美浜区幸町1-10-2,千葉県,千葉市,1,1,1,1,1,1,1,,1,5380
256,幸町第二中学校一帯,千葉県千葉市美浜区幸町1-10-2,千葉県,千葉市,1,1,1,1,1,1,1,,1,14950
257,綜警千葉ビル,千葉県千葉市美浜区幸町1-26-5,千葉県,千葉市,,,,,1,,,,,200
258,幸町小学校,千葉県千葉市美浜区幸町2-12-12,千葉県,千葉市,1,1,1,1,1,1,1,,1,4400
259,幸町公民館,千葉県千葉市美浜区幸町2-12-14,千葉県,千葉市,1,1,,1,1,,1,,1,420
260,幸町第一中学校,千葉県千葉市美浜区幸町2-12-7,千葉県,千葉市,1,1,1,1,1,1,1,,1,5900
261,幸町第一中学校一帯,千葉県千葉市美浜区幸町2-12-7,千葉県,千葉市,1,1,1,1,1,1,1,,1,9170
262,旧幸町第一小学校（跡施設）,千葉県千葉市美浜区幸町2-17-4,千葉県,千葉市,1,1,1,1,1,,1,,1,3570
263,旧幸町第二小学校（跡施設）,千葉県千葉市美浜区幸町2-9-4,千葉県,千葉市,1,1,1,1,1,,1,,1,4420
264,高洲第四小学校,千葉県千葉市美浜区高洲1-15-1,千葉県,千葉市,1,1,1,1,1,,1,,1,4830
265,高洲小学校,千葉県千葉市美浜区高洲2-2-20,千葉県,千葉市,1,1,1,1,1,,1,,1,4340
266,高洲中学校,千葉県千葉市美浜区高洲2-3-18,千葉県,千葉市,1,1,1,1,1,,1,,1,6580
267,高洲コミュニティセンター,千葉県千葉市美浜区高洲3-12-1,千葉県,千葉市,1,1,1,1,1,,1,,1,1380
268,高洲公園,千葉県千葉市美浜区高洲3-2,千葉県,千葉市,1,1,,1,1,,1,,,3750
269,高洲第三小学校,千葉県千葉市美浜区高洲3-3-11,千葉県,千葉市,1,1,1,1,1,,1,,1,5560
270,高洲スポーツセンター体育館,千葉県千葉市美浜区高洲4-2-2,千葉県,千葉市,1,1,,1,1,1,1,,1,320
271,旧高洲第二中学校（跡施設）,千葉県千葉市美浜区高洲4-4-3,千葉県,千葉市,1,1,1,1,1,,1,,1,6440
272,高浜第一小学校,千葉県千葉市美浜区高浜1-4-1,千葉県,千葉市,1,1,1,1,1,,1,,1,3150
273,高浜公園,千葉県千葉市美浜区高浜1-8,千葉県,千葉市,1,1,,1,1,,1,,,3890
274,高浜公民館,千葉県千葉市美浜区高浜1-8-3,千葉県,千葉市,1,1,,1,1,,1,,1,210
275,地方卸売市場,千葉県千葉市美浜区高浜2-2-1,千葉県,千葉市,,,,,1,,,,,577
276,南高浜公園,千葉県千葉市美浜区高浜3-2,千葉県,千葉市,1,1,,1,1,,1,,,3000
277,中高浜公園,千葉県千葉市美浜区高浜4-6,千葉県,千葉市,1,1,,1,1,,1,,,3890
278,高浜中学校,千葉県千葉市美浜区高浜4-8-1,千葉県,千葉市,1,1,1,1,1,,1,,1,10270
279,高浜海浜小学校,千葉県千葉市美浜区高浜4-8-2,千葉県,千葉市,1,1,1,1,1,,1,,1,4330
280,北高浜公園,千葉県千葉市美浜区高浜5-19,千葉県,千葉市,1,1,,1,1,,1,,,3260
281,神田外語大学（※建物を含まない）,千葉県千葉市美浜区若葉1-4-1,千葉県,千葉市,1,1,,1,1,1,1,,,39530
282,県立幕張総合高等学校（看護科校舎）,千葉県千葉市美浜区若葉2-10-2,千葉県,千葉市,1,1,,1,1,,1,,1,1420
283,県立幕張総合高等学校,千葉県千葉市美浜区若葉3-1-6,千葉県,千葉市,1,1,1,1,1,,1,,1,24960
284,幕張勤労市民プラザ,千葉県千葉市美浜区若葉3-1-8,千葉県,千葉市,1,1,,1,1,,1,,1,1140
285,新港清掃工場,千葉県千葉市美浜区新港226-1,千葉県,千葉市,,,,,1,,,,,600
286,真砂公園,千葉県千葉市美浜区真砂1-11,千葉県,千葉市,1,1,,1,1,,1,,,3900
287,真砂第五小学校,千葉県千葉市美浜区真砂1-12-15,千葉県,千葉市,1,1,1,1,1,,1,,1,5140
288,東京歯科大学一帯（※建物を含まない）,千葉県千葉市美浜区真砂1-2-2,千葉県,千葉市,1,1,,1,1,1,1,,,58950
289,真砂東小学校,千葉県千葉市美浜区真砂2-13-1,千葉県,千葉市,1,1,1,1,1,1,1,,1,5170
290,真砂コミュニティセンター,千葉県千葉市美浜区真砂2-3-1,千葉県,千葉市,1,1,1,1,1,,1,,1,2030
291,県立検見川高等学校,千葉県千葉市美浜区真砂4-17-1,千葉県,千葉市,1,1,1,1,1,,1,,1,12400
292,真砂西小学校,千葉県千葉市美浜区真砂4-5-1,千葉県,千葉市,1,1,1,1,1,1,1,,1,3900
293,真砂中央公園,千葉県千葉市美浜区真砂5-15,千葉県,千葉市,1,1,,1,1,1,1,,,12550
294,市立高等特別支援学校,千葉県千葉市美浜区真砂5-18-1,千葉県,千葉市,1,1,1,1,1,1,1,,1,4770
295,真砂中学校,千葉県千葉市美浜区真砂5-18-2,千葉県,千葉市,1,1,1,1,1,1,1,,1,6710
296,真砂中学校一帯,千葉県千葉市美浜区真砂5-18-2,千葉県,千葉市,1,1,1,1,1,1,1,,1,48850
297,打瀬小学校,千葉県千葉市美浜区打瀬1-3-1,千葉県,千葉市,1,1,,1,1,,1,,1,4120
298,打瀬公民館,千葉県千葉市美浜区打瀬2-13,千葉県,千葉市,1,1,,1,1,,1,,1,310
299,美浜打瀬小学校,千葉県千葉市美浜区打瀬2-18-1,千葉県,千葉市,1,1,,1,1,,1,,1,4340
300,打瀬中学校,千葉県千葉市美浜区打瀬3-12-1,千葉県,千葉市,1,1,1,1,1,,1,,1,8320
301,海浜打瀬小学校,千葉県千葉市美浜区打瀬3-3-1,千葉県,千葉市,1,1,,1,1,,1,,1,3790
302,幕張西公民館,千葉県千葉市美浜区幕張西2-6-2,千葉県,千葉市,1,1,,1,1,,1,,1,230
303,幕張西小学校,千葉県千葉市美浜区幕張西2-8-1,千葉県,千葉市,1,1,1,1,1,1,1,,1,5000
304,幕張西小学校一帯,千葉県千葉市美浜区幕張西2-8-1,千葉県,千葉市,1,1,1,1,1,1,1,,1,16390
305,幕張西中学校,千葉県千葉市美浜区幕張西2-9-1,千葉県,千葉市,1,1,1,1,1,1,1,,1,6960
306,幕張西第２公園,千葉県千葉市美浜区幕張西3-4,千葉県,千葉市,1,1,,1,1,,1,,,4870
307,幕張西第３公園,千葉県千葉市美浜区幕張西6-2-1,千葉県,千葉市,1,1,,1,1,,1,,,4800
308,土気南小学校,千葉県千葉市緑区あすみが丘4-16,千葉県,千葉市,1,1,1,1,1,,1,,1,4820
309,土気南中学校,千葉県千葉市緑区あすみが丘4-38,千葉県,千葉市,1,1,1,1,1,1,1,,1,5380
310,土気南中学校一帯,千葉県千葉市緑区あすみが丘4-38,千葉県,千葉市,1,1,1,1,1,1,1,,1,44060
311,あすみが丘ふれあいの広場公園,千葉県千葉市緑区あすみが丘6-1,千葉県,千葉市,1,1,1,1,1,,1,,,5620
312,あすみが丘小学校,千葉県千葉市緑区あすみが丘6-2,千葉県,千葉市,1,1,1,1,1,,1,,1,4730
313,大椎小学校,千葉県千葉市緑区あすみが丘6-38,千葉県,千葉市,1,1,1,1,1,,1,,1,3510
314,土気あすみが丘プラザ,千葉県千葉市緑区あすみが丘7-2-4,千葉県,千葉市,1,1,1,1,1,,1,,1,1830
315,大椎中学校,千葉県千葉市緑区あすみが丘8-26,千葉県,千葉市,1,1,1,1,1,,1,,1,5830
316,あすみが丘やすらぎの広場公園,千葉県千葉市緑区あすみが丘9-13,千葉県,千葉市,1,1,1,1,1,,1,,,3000
317,県立土気高等学校,千葉県千葉市緑区あすみが丘東2-24-1,千葉県,千葉市,1,1,1,1,1,,1,,1,14290
318,有吉小学校,千葉県千葉市緑区おゆみ野1-53,千葉県,千葉市,1,1,1,1,1,,1,,1,5140
319,有吉中学校,千葉県千葉市緑区おゆみ野2-41,千葉県,千葉市,1,1,1,1,1,,1,,1,7510
320,おゆみ野さくら公園,千葉県千葉市緑区おゆみ野2-42,千葉県,千葉市,1,1,1,1,1,,1,,,3900
321,鎌取コミュニティセンター,千葉県千葉市緑区おゆみ野3-15-2,千葉県,千葉市,1,1,1,1,1,,1,,1,1090
322,小谷小学校,千葉県千葉市緑区おゆみ野4-45,千葉県,千葉市,1,1,1,1,1,,1,,1,4070
323,扇田小学校,千葉県千葉市緑区おゆみ野中央1-26,千葉県,千葉市,1,1,1,1,1,,1,,1,4350
324,おゆみ野公民館,千葉県千葉市緑区おゆみ野中央2-7-6,千葉県,千葉市,1,1,1,1,1,,1,,1,430
325,泉谷中学校,千葉県千葉市緑区おゆみ野中央4-2,千葉県,千葉市,1,1,1,1,1,1,1,,1,8310
326,泉谷小学校,千葉県千葉市緑区おゆみ野中央4-3,千葉県,千葉市,1,1,1,1,1,1,1,,1,6110
327,泉谷小学校一帯,千葉県千葉市緑区おゆみ野中央4-3,千葉県,千葉市,1,1,1,1,1,1,1,,1,58070
328,おゆみ野南小学校,千葉県千葉市緑区おゆみ野南4-26,千葉県,千葉市,1,1,1,1,1,,1,,1,4980
329,おゆみ野南中学校,千葉県千葉市緑区おゆみ野南5-25,千葉県,千葉市,1,1,1,1,1,,1,,1,6810
330,金沢小学校,千葉県千葉市緑区おゆみ野南5-31,千葉県,千葉市,1,1,1,1,1,,1,,1,4480
331,越智中学校,千葉県千葉市緑区越智町651,千葉県,千葉市,1,1,1,1,1,,1,,1,8200
332,越智小学校,千葉県千葉市緑区越智町705-359,千葉県,千葉市,1,1,1,1,1,,1,,1,5400
333,越智中央公園,千葉県千葉市緑区越智町810-7,千葉県,千葉市,1,1,1,1,1,,1,,,3710
334,越智公民館,千葉県千葉市緑区越智町822-7,千葉県,千葉市,1,1,1,1,1,,1,,1,250
335,古市場体育館・古市場公園野球場,千葉県千葉市緑区古市場町474-277,千葉県,千葉市,1,1,1,1,1,,1,,1,2910
336,東急セブンハンドレッドクラブ（※建物を含まない）,千葉県千葉市緑区小山町359-6,千葉県,千葉市,1,1,1,1,1,1,1,,,650000
337,本千葉カントリークラブ（※建物を含まない）,千葉県千葉市緑区大金沢町311,千葉県,千葉市,1,1,1,1,1,1,1,,,332000
338,大木戸小学校,千葉県千葉市緑区大木戸町317,千葉県,千葉市,1,1,1,1,1,,1,,1,4420
339,大野台中央公園,千葉県千葉市緑区大野台1-6-2,千葉県,千葉市,1,1,1,1,1,,1,,,18530
340,土気中学校,千葉県千葉市緑区土気町1400,千葉県,千葉市,1,1,1,1,1,1,1,,1,6470
341,土気公民館,千葉県千葉市緑区土気町1631-7,千葉県,千葉市,1,1,1,1,1,,1,,1,200
342,土気市民センター,千葉県千葉市緑区土気町1634,千葉県,千葉市,1,1,1,1,1,,1,,1,60
343,土気小学校,千葉県千葉市緑区土気町1634-2,千葉県,千葉市,1,1,1,1,1,,1,,1,3730
344,昭和の森,千葉県千葉市緑区土気町22,千葉県,千葉市,1,1,1,1,1,1,1,,,370000
345,椎名公民館,千葉県千葉市緑区富岡町290-1,千葉県,千葉市,1,,1,1,1,,1,,1,160
346,平川カントリークラブ（※建物を含まない）,千葉県千葉市緑区平川町405,千葉県,千葉市,1,1,1,1,1,1,1,,,308000
347,平山小学校,千葉県千葉市緑区辺田町141,千葉県,千葉市,1,1,1,1,1,,1,,1,4590
348,袖ヶ浦カンツリー倶楽部袖ヶ浦コース（※建物を含まない）,千葉県千葉市緑区辺田町567,千葉県,千葉市,1,1,1,1,1,1,1,,,324000
349,椎名小学校,千葉県千葉市緑区茂呂町582,千葉県,千葉市,1,1,1,1,1,,1,,1,4600
350,誉田中学校,千葉県千葉市緑区誉田町1-138,千葉県,千葉市,1,1,1,1,1,1,1,,1,5240
351,誉田小学校,千葉県千葉市緑区誉田町1-27,千葉県,千葉市,1,1,1,1,1,,1,,1,3800
352,誉田南公園,千葉県千葉市緑区誉田町1-780,千葉県,千葉市,1,1,1,1,1,,1,,,4890
353,誉田公民館,千葉県千葉市緑区誉田町1-789-49,千葉県,千葉市,1,1,1,1,1,,1,,1,680
354,誉田東小学校,千葉県千葉市緑区誉田町2-21-84,千葉県,千葉市,1,1,1,1,1,,1,,1,4540
355,稲丘小学校,千葉県千葉市稲毛区稲丘町19-30,千葉県,千葉市,1,1,1,1,1,,1,,1,4500
356,稲毛公園,千葉県千葉市稲毛区稲毛1-10,千葉県,千葉市,1,1,1,1,1,,1,,,10110
357,稲毛公民館,千葉県千葉市稲毛区稲毛1-10-17,千葉県,千葉市,1,1,1,1,1,,1,,1,220
358,稲毛中学校,千葉県千葉市稲毛区稲毛町5-120,千葉県,千葉市,1,1,1,1,1,,1,,1,6000
359,稲毛小学校,千葉県千葉市稲毛区稲毛町5-534-5,千葉県,千葉市,,1,1,1,1,,,,1,2820
360,稲毛東公園,千葉県千葉市稲毛区稲毛東5-8,千葉県,千葉市,1,1,1,1,1,,1,,,4070
361,草野小学校,千葉県千葉市稲毛区園生町1385,千葉県,千葉市,1,1,1,1,1,,1,,1,4350
362,草野中学校,千葉県千葉市稲毛区園生町1397,千葉県,千葉市,1,1,1,1,1,,1,,1,5340
363,草野公民館,千葉県千葉市稲毛区園生町384-93,千葉県,千葉市,1,1,1,1,1,,1,,1,200
364,あやめ台小学校,千葉県千葉市稲毛区園生町446-1,千葉県,千葉市,1,1,1,1,1,,1,,1,4960
365,地球の丸く見える丘,千葉県銚子市天王台714,千葉県,銚子市,1,1,1,1,1,1,,,,5000
366,唐子町公園,千葉県銚子市唐子町22-1,千葉県,銚子市,,1,,1,,,,,,2610
367,銚子中学校,千葉県銚子市唐子町31-2,千葉県,銚子市,,1,,1,,1,,,1,5660
368,双葉小学校,千葉県銚子市東芝町8-5,千葉県,銚子市,1,1,1,1,1,,,,1,2040
369,第三中学校,千葉県銚子市東小川町2348,千葉県,銚子市,1,,1,1,1,1,,,1,5280
370,県立銚子高校,千葉県銚子市南小川町943,千葉県,銚子市,1,1,1,1,1,1,,,1,7700
371,豊里台緑が丘公園,千葉県銚子市豊里台1-1044-10,千葉県,銚子市,1,1,1,1,1,1,,,,7330
372,本城小学校,千葉県銚子市本城町4-226,千葉県,銚子市,1,1,1,1,1,1,,,1,6750
373,末広町広場,千葉県銚子市末広町100-12,千葉県,銚子市,1,1,1,1,1,,,,,640
374,末広町公園,千葉県銚子市末広町3-1,千葉県,銚子市,,1,,1,,,,,,1050
375,第一中学校,千葉県銚子市明神町1-1,千葉県,銚子市,1,1,1,1,1,,,,1,4460
376,明神小学校,千葉県銚子市明神町1-1,千葉県,銚子市,1,1,1,1,1,1,,,1,5270
377,銚子スポーツタウン,千葉県銚子市野尻町1600,千葉県,銚子市,1,1,1,1,1,1,,,1,16100
378,さるだ学集館（旧猿田小学校）,千葉県銚子市猿田町1179-2,千葉県,銚子市,1,1,1,1,1,,,,1,2590
379,東部児童遊園,千葉県銚子市和田町1-1,千葉県,銚子市,,1,,1,,,,,,430
380,春日小学校,千葉県銚子市春日町287,千葉県,銚子市,1,1,1,1,1,,,,1,3540
381,椎柴小学校,千葉県銚子市小船木町1-385,千葉県,銚子市,1,1,1,1,1,,,,1,1700
382,松本町公園,千葉県銚子市松本町2-829-1,千葉県,銚子市,1,1,1,1,1,,,,,420
383,新生公園,千葉県銚子市新生町1-1-1,千葉県,銚子市,,1,,1,,,,,,310
384,中央みどり公園,千葉県銚子市新生町2-11-1,千葉県,銚子市,1,1,1,1,1,,,,,4140
385,陣屋町公園,千葉県銚子市陣屋町5-1,千葉県,銚子市,1,1,1,1,1,,,,,1440
386,清水小学校,千葉県銚子市清水町2894,千葉県,銚子市,1,,1,1,1,,,,1,3960
387,清川町第一公園,千葉県銚子市清川町4-6-1,千葉県,銚子市,1,1,1,1,1,1,,,,5740
388,船木小学校,千葉県銚子市船木町140,千葉県,銚子市,1,1,1,1,1,,,,1,2310
389,飯沼小学校,千葉県銚子市前宿町1200,千葉県,銚子市,1,,1,1,1,1,,,1,6640
390,前宿町公園,千葉県銚子市前宿町530,千葉県,銚子市,1,1,1,1,1,1,,,,33250
391,県立銚子商業高校,千葉県銚子市台町1781,千葉県,銚子市,1,,1,1,1,1,,,1,24360
392,シンボルロードポケット広場,千葉県銚子市中央町100-14,千葉県,銚子市,,1,,1,,,,,,300
393,本通公園,千葉県銚子市中央町13-1,千葉県,銚子市,,1,,1,,,,,,1430
394,銚子西中学校,千葉県銚子市長塚町3-620,千葉県,銚子市,1,1,1,1,1,1,,,1,7330
395,ジオパーク・芸術センター,千葉県銚子市八木町1777-1,千葉県,銚子市,1,1,1,1,1,,,,1,2430
396,笠上団地内広場,千葉県銚子市海鹿島町5226-70,千葉県,銚子市,1,1,1,1,1,,,,,270
397,外川児童遊園,千葉県銚子市外川町4-10357-1,千葉県,銚子市,1,1,1,1,1,,,,,1030
398,海上小学校,千葉県銚子市垣根町1-370,千葉県,銚子市,1,1,1,1,1,,,,1,3060
399,高神小学校,千葉県銚子市犬吠埼10222-1,千葉県,銚子市,1,1,1,1,1,1,,,1,6090
400,第二中学校,千葉県銚子市犬吠埼10292-49,千葉県,銚子市,1,1,1,1,1,,,,1,4830
401,後飯町公園,千葉県銚子市後飯町6-9,千葉県,銚子市,1,1,1,1,1,1,,,,5140
402,高神公園,千葉県銚子市高神東町782,千葉県,銚子市,1,1,1,1,1,,,,,300
403,桜井町公園,千葉県銚子市桜井町61-1,千葉県,銚子市,,1,1,1,1,1,,,,30000
404,豊里小学校,千葉県銚子市笹本町360,千葉県,銚子市,1,,1,1,1,,,,1,1810
405,三軒町公園,千葉県銚子市三軒町17-1,千葉県,銚子市,,1,,1,,,,,,900
406,県立銚子特別支援学校,千葉県銚子市三崎町3-94-1,千葉県,銚子市,1,1,1,1,1,,,,1,1290
407,大谷津公園,千葉県銚子市春日町1076-2,千葉県,銚子市,1,1,1,1,1,,,,,1850
408,三崎団地内広場,千葉県銚子市春日町2150,千葉県,銚子市,1,1,1,1,1,,,,,600
409,市立銚子高校,千葉県銚子市春日町2689,千葉県,銚子市,1,,1,1,1,1,,,1,11200
410,大町小学校,千葉県市川市大町84-10,千葉県,市川市,1,1,1,1,1,,1,,1,"8,889人（敷地面積：13,334㎡÷1.5）"
411,大柏小学校,千葉県市川市大野町2-1877,千葉県,市川市,1,1,1,1,1,,1,,1,"9,837人（敷地面積14,756㎡÷1.5）"
412,大野小学校,千葉県市川市南大野1-42-1,千葉県,市川市,1,1,1,1,1,,1,,1,"10,704人（敷地面積16,057㎡÷1.5）"
413,柏井小学校,千葉県市川市柏井町1-1149-1,千葉県,市川市,1,1,1,1,1,,1,,1,"10,372人（敷地面積15,559㎡÷1.5"
414,宮久保小学校,千葉県市川市宮久保5-7-1,千葉県,市川市,1,1,1,1,1,,1,,1,"9,569人（敷地面積14,354㎡÷1.5）"
415,北方小学校,千葉県市川市北方町4-1356-1,千葉県,市川市,1,1,1,1,1,,1,,1,"8,485人（敷地面積12,728㎡÷1.5）"
416,国分小学校,千葉県市川市東国分2-4-1,千葉県,市川市,1,1,1,1,1,,1,,1,"8,788人（敷地面積13,183㎡÷1.5）"
417,稲越小学校,千葉県市川市稲越3-21-8,千葉県,市川市,1,1,1,1,1,,1,,1,"13,133人（敷地面積19,700㎡÷1.5）"
418,曽谷小学校,千葉県市川市曽谷7-18-1,千葉県,市川市,1,1,1,1,1,,1,,1,"11,720人（敷地面積17,580㎡÷1.5）"
419,百合台小学校,千葉県市川市曽谷6-10-1,千葉県,市川市,1,1,1,1,1,,1,,1,"9,766人（敷地面積14,649㎡÷1.5）"
420,中国分小学校,千葉県市川市中国分1-22-1,千葉県,市川市,1,1,1,1,1,,1,,1,"11,216人（敷地面積16,824㎡÷1.5）"
421,国府台小学校,千葉県市川市国府台5-25-4,千葉県,市川市,1,1,1,1,1,,1,,1,"9,837人（敷地面積14,756㎡÷1.5）"
422,真間小学校,千葉県市川市真間4-1-1,千葉県,市川市,1,1,1,1,1,,1,,1,"6,876人（敷地面積10,314㎡÷1.5）"
423,市川小学校,千葉県市川市市川2-32-5,千葉県,市川市,1,1,1,1,1,,1,,1,"7,024人（敷地面積10,537㎡÷1.5"
424,菅野小学校,千葉県市川市菅野6-14-1,千葉県,市川市,1,1,1,1,1,,1,,1,"12.750人（敷地面積19,126㎡÷1.5）"
425,八幡小学校,千葉県市川市八幡3-24-1,千葉県,市川市,1,1,1,1,1,,1,,1,"6,290人（敷地面積9,435㎡÷1.5）"
426,若宮小学校,千葉県市川市若宮3-54-10,千葉県,市川市,1,1,1,1,1,,1,,1,"8,420人（敷地面積12,630㎡÷1.5）"
427,冨貴島小学校,千葉県市川市八幡6-10-11,千葉県,市川市,1,1,1,1,1,,1,,1,"8,614人（敷地面積12,921㎡÷1.5）"
428,中山小学校,千葉県市川市中山1-1-5,千葉県,市川市,1,1,1,1,1,,1,,1,"10197人（敷地面積15,296㎡÷1.5）"
429,平田小学校,千葉県市川市平田3-28-1,千葉県,市川市,1,1,1,1,1,,1,,1,"8,252人（敷地面積12,379㎡÷1.5）"
430,宮田小学校,千葉県市川市新田4-8-15,千葉県,市川市,1,1,1,1,1,,1,,1,"5,668人（敷地面積8,502㎡÷1.5）"
431,大和田小学校,千葉県市川市大和田1-1-3,千葉県,市川市,1,1,1,1,1,,1,,1,"9,104人（敷地面積13,656㎡÷1.5）"
432,大洲小学校,千葉県市川市大洲4-18-1,千葉県,市川市,1,1,1,1,1,,1,,1,"9,222人（敷地面積13,833㎡÷1.5）"
433,鶴指小学校,千葉県市川市大和田4-11-1,千葉県,市川市,1,1,1,1,1,,1,,1,"8,866人（敷地面積13,299㎡÷1.5）"
434,鬼高小学校,千葉県市川市鬼高2-13-5,千葉県,市川市,1,1,1,1,1,,1,,1,"10,453人（敷地面積15,680㎡÷1.5）"
435,稲荷木小学校,千葉県市川市稲荷木1-14-1,千葉県,市川市,1,1,1,1,1,,1,,1,"6,666人（敷地面積10,000㎡÷1.5）"
436,信篤小学校,千葉県市川市原木2-16-1,千葉県,市川市,1,1,1,1,1,,1,,1,"9,838人（敷地面積14,757㎡÷1.5）"
437,二俣小学校,千葉県市川市二俣678,千葉県,市川市,1,1,1,1,1,,1,,1,"10,916人（敷地面積16,375㎡÷1.5）"
438,妙典小学校,千葉県市川市妙典2-14-2,千葉県,市川市,1,,1,1,1,,1,,1,"7,922人（敷地面積11,884㎡÷1.5"
439,行徳小学校,千葉県市川市富浜1-1-40,千葉県,市川市,1,,1,1,1,,1,,1,"11,951人（敷地面積17,927㎡÷1.5）"
440,幸小学校,千葉県市川市幸1-11-1,千葉県,市川市,1,,1,1,1,,1,,1,"6,566人（敷地面積9,849㎡÷1.5）"
441,南行徳小学校,千葉県市川市欠真間1-6-38,千葉県,市川市,1,,1,1,1,,1,,1,"12,236人（敷地面積18,354㎡÷1.5"
442,新浜小学校,千葉県市川市行徳駅前4-5-1,千葉県,市川市,1,,1,1,1,,1,,1,"10,370人（敷地面積15,555㎡÷1.5）"
443,南新浜小学校,千葉県市川市新浜1-26-1,千葉県,市川市,1,,1,1,1,,1,,1,"12,575人（敷地面積18,863㎡÷1.5）"
444,塩焼小学校,千葉県市川市塩焼5-9-8,千葉県,市川市,1,,1,1,1,,1,,1,"11,578人（敷地面積17,367㎡÷1.5）"
445,新井小学校,千葉県市川市新井1-18-13,千葉県,市川市,1,,1,1,1,,1,,1,"9,227人（敷地面積13,841㎡÷1.5）"
446,富美浜小学校,千葉県市川市南行徳2-3-1,千葉県,市川市,1,,1,1,1,,1,,1,"11,018人（敷地面積16,527㎡÷1.5）"
447,福栄小学校,千葉県市川市南行徳2-2-1,千葉県,市川市,1,,1,1,1,,1,,1,"7,273人（敷地面積10,910㎡÷1.5）"
448,塩浜学園,千葉県市川市塩浜4-5-1,千葉県,市川市,1,,1,1,1,,1,,1,"17,752人（敷地面積26,628㎡÷1.5）"
449,第一中学校,千葉県市川市国府台2-7-1,千葉県,市川市,1,1,1,1,1,,1,,1,"14,135人（敷地面積21,203㎡÷1.5）"
450,第二中学校,千葉県市川市須和田2-34-1,千葉県,市川市,1,1,1,1,1,,1,,1,"13,093人（敷地面積19,640㎡÷1.5）"
451,第三中学校,千葉県市川市曽谷3-2-1,千葉県,市川市,1,1,1,1,1,,1,,1,"14,067人（敷地面積21,101㎡÷1.5）"
452,第四中学校,千葉県市川市中山1-11-1,千葉県,市川市,1,1,1,1,1,,1,,1,"8,841人（敷地面積13,262㎡÷1.5）"
453,第五中学校,千葉県市川市大野町3-1993,千葉県,市川市,1,1,1,1,1,,1,,1,"11,376人（敷地面積17,064㎡÷1.5）"
454,第六中学校,千葉県市川市鬼高3-16-1,千葉県,市川市,1,1,1,1,1,,1,,1,"11,176人（敷地面積16,764㎡÷1.5）"
455,第七中学校,千葉県市川市末広1-1-48,千葉県,市川市,1,,1,1,1,,1,,1,"15,678人（敷地面積23,518㎡÷1.5）"
456,第八中学校,千葉県市川市大和田4-9-1,千葉県,市川市,1,1,1,1,1,,1,,1,"11,642人（敷地面積17,463㎡÷1.5）"
457,東国分中学校,千葉県市川市東国分3-5-1,千葉県,市川市,1,1,1,1,1,,1,,1,"14,088人（敷地面積21,133㎡÷1.5）"
458,下貝塚中学校,千葉県市川市下貝塚3-13-1,千葉県,市川市,1,1,1,1,1,,1,,1,"11,392人（敷地面積17,088㎡÷1.5）"
459,高谷中学校,千葉県市川市高谷1627-4,千葉県,市川市,1,1,1,1,1,,1,,1,"12,356人（敷地面積18,535㎡÷1.5）"
460,大洲中学校,千葉県市川市大洲4-21-5,千葉県,市川市,1,1,1,1,1,,1,,1,"9,454人（敷地面積14,182㎡÷1.5）"
461,妙典中学校,千葉県市川市妙典5-22-1,千葉県,市川市,1,,1,1,1,,1,,1,"11,026人（敷地面積16,540㎡÷1.5）"
462,福栄中学校,千葉県市川市福栄3-4-1,千葉県,市川市,1,,1,1,1,,1,,1,"13,222人（敷地面積19,834㎡÷1.5）"
463,南行徳中学校,千葉県市川市南行徳2-2-2,千葉県,市川市,1,,1,1,1,,1,,1,"9,489人（敷地面積14,234㎡÷1.5）"
464,菅野公民館,千葉県市川市菅野3-24-2,千葉県,市川市,1,1,1,1,1,,1,,1,"3,882人（敷地面積5,824㎡÷1.5）"
465,柏井公民館,千葉県市川市柏井町2-844,千葉県,市川市,1,1,1,1,1,,1,,1,"2,340人（敷地面積3,0581㎡÷1.5）"
466,東部公民館,千葉県市川市本北方3-19-16,千葉県,市川市,1,1,1,1,1,,1,,1,"2,374人（敷地面積3,562㎡÷1.5）"
467,鬼高公民館,千葉県市川市鬼高2-12-23,千葉県,市川市,1,1,1,1,1,,1,,1,520人（敷地面積780㎡÷1.5）
468,信篤公民館,千葉県市川市高谷1-8-1,千葉県,市川市,1,1,1,1,1,,1,,1,"3,676人（敷地面積5,515㎡÷1.5）"
469,西部公民館,千葉県市川市中国分2-13-8,千葉県,市川市,1,1,1,1,1,,1,,1,"3,202人（敷地面積4,803㎡÷1.5）"
470,本行徳公民館,千葉県市川市本行徳12-8,千葉県,市川市,1,,1,1,1,,1,,1,"1,732人（敷地面積2,599㎡÷1.5）"
471,大野公民館,千葉県市川市南大野2-3-19,千葉県,市川市,1,1,1,1,1,,1,,1,"1,331人（延床面積1,997㎡÷1.5）"
472,市川公民館,千葉県市川市市川2-33-2,千葉県,市川市,1,1,1,1,1,,1,,1,646人（敷地面積970㎡÷1.5）
473,少年自然の家,千葉県市川市大町280-4,千葉県,市川市,1,1,1,1,1,,1,,1,"7,024人（敷地面積10,537㎡÷1.5"
474,国府台スポーツセンター,千葉県市川市国府台1-6-4,千葉県,市川市,1,1,1,1,1,,1,,1,"48,998人（敷地面積73,497㎡÷1.5）"
475,塩浜市民体育館,千葉県市川市塩浜4-9-1,千葉県,市川市,1,,1,1,1,,1,,1,"7,310人（敷地面積10,965㎡÷1.5）"
476,信篤市民体育館,千葉県市川市高谷1-8-2,千葉県,市川市,,1,1,1,1,,1,,1,620人（床面積930㎡÷1.5）
477,こども発達センター,千葉県市川市大洲4-18-3,千葉県,市川市,1,1,1,1,1,,1,,1,"2,354人（敷地面積3,531㎡÷1.5）"
478,勤労福祉センター本館,千葉県市川市南八幡2-20-1,千葉県,市川市,1,1,1,1,1,,1,,1,"2,154人（敷地面積3,231㎡÷1.5）"
479,勤労福祉センター分館,千葉県市川市南八幡5-20-3,千葉県,市川市,1,1,1,1,1,,1,,1,"1,987人（敷地面積2,981㎡÷1.5）"
480,市川考古博物館,千葉県市川市堀之内2-26-1,千葉県,市川市,1,1,1,1,1,,1,,1,"4,835人（敷地面積7,253㎡÷1.5）"
481,市川歴史博物館,千葉県市川市堀之内2-27-1,千葉県,市川市,1,1,1,1,1,,1,,1,"2,258人（敷地面積3,388㎡÷1.5）"
482,宮久保老人いこいの家,千葉県市川市宮久保4-2-4,千葉県,市川市,1,1,1,1,1,,1,,1,190人（延床面積285㎡÷1.5）
483,全日警ホール（八幡市民会館）,千葉県市川市八幡4-2-1,千葉県,市川市,1,1,1,1,1,,1,,,"2,814人（敷地面積4,222㎡÷1.5）"
484,県立市川東高校,千葉県市川市北方町4-2191,千葉県,市川市,1,1,1,1,1,,1,,1,"31,062人（敷地面積46,593㎡÷1.5）"
485,県立国分高校,千葉県市川市稲越2-2-1,千葉県,市川市,1,1,1,1,1,,1,,1,"25,998人（敷地面積38,997㎡÷1.5）"
486,県立市川昴高校,千葉県市川市東国分1-1-1,千葉県,市川市,1,1,1,1,1,,,,1,"25,334人（敷地面積38,001㎡÷1.5）"
487,県立国府台高校,千葉県市川市国府台2-4-1,千葉県,市川市,1,1,1,1,1,,1,,1,"12,985人（敷地面積19,478㎡÷1.5）"
488,県立市川工業高校,千葉県市川市平田3-10-10,千葉県,市川市,,1,1,1,1,,1,,1,"20,684人（敷地面積31,027㎡÷1.5）"
489,県立市川南高校,千葉県市川市高谷1509,千葉県,市川市,,1,1,1,1,,1,,1,"28,854人（敷地面積43,282㎡÷1.5）"
490,県立行徳高校,千葉県市川市塩浜4-1-1,千葉県,市川市,1,,1,1,1,,1,,1,"30,854人（敷地面積46,281㎡÷1.5）"
491,和洋学園,千葉県市川市国府台2-3-1,千葉県,市川市,1,1,1,1,1,,1,,1,"26,076人（敷地面積39,115㎡÷1.5）"
492,市川学園,千葉県市川市本北方2-38-1,千葉県,市川市,1,1,1,1,1,,1,,1,"19,250人（敷地面積28,876㎡÷1.5）"
493,市川学園（第1グランド等）,千葉県市川市東菅野4-1-1,千葉県,市川市,1,1,1,1,1,,1,,1,"16,935人（敷地面積25,403㎡÷1.5）"
494,昭和学院,千葉県市川市東菅野2-17-1,千葉県,市川市,1,1,1,1,1,,,,1,"29,490人（敷地面積44,236㎡÷1.5）"
495,日出学園,千葉県市川市菅野3-23-1,千葉県,市川市,1,1,1,1,1,,1,,1,"17,333人（敷地面積26,000㎡÷1.5）"
496,千葉商科大学,千葉県市川市国府台1-3-1,千葉県,市川市,1,1,1,1,1,,1,,1,"6,466人（敷地面積9,700㎡÷1.5）"
497,奥野木学園不二女子高校,千葉県市川市八幡4-5-7,千葉県,市川市,1,1,1,1,1,,1,,1,"1,656人（敷地面積2,485㎡÷1.5）"
498,奥野木学園大町不二グラウンド,千葉県市川市大町280-12,千葉県,市川市,1,1,1,1,1,,1,,,"6,611人（敷地面積9,917㎡÷1.5）"
499,国府台女子学院,千葉県市川市菅野3-24-1,千葉県,市川市,1,1,1,1,1,,1,,,"20,436人（敷地面積30,654㎡÷1.5）"
500,市川自然博物館,千葉県市川市大町284,千葉県,市川市,1,1,1,1,1,,1,,,"1,056人（延床面積1,584㎡÷1.5）"
501,姥山貝塚公園,千葉県市川市柏井町1-1235,千葉県,市川市,1,1,1,1,1,,1,,,"16,401人（敷地面積24,602㎡÷1.5）"
502,小塚山公園,千葉県市川市北国分1-26,千葉県,市川市,1,1,1,1,1,,1,,,"24.341人（敷地面積36,512㎡÷1.5）"
503,じゅん菜池緑地,千葉県市川市中国分4-27,千葉県,市川市,1,1,1,1,1,,,,,"42,630人（敷地面積63,945㎡÷1.5）"
504,里見公園,千葉県市川市国府台3-9,千葉県,市川市,,1,1,1,1,,,,,"29.782人（敷地面積44,674㎡÷1.5）"
505,真間山弘法寺,千葉県市川市真間4-9-1,千葉県,市川市,1,,1,1,1,,1,,,"39,600人（敷地面積59,400㎡÷1.5）"
506,須和田公園,千葉県市川市須和田2-34,千葉県,市川市,1,1,1,1,1,,1,,,"8,720人（敷地面積13,081㎡÷1.5）"
507,須和田自治会館（六所神社）,千葉県市川市須和田2-22-7,千葉県,市川市,1,,1,1,1,,1,,,106人（敷地面積160㎡÷1.5）
508,東菅野児童交通公園,千葉県市川市東菅野2-23-5,千葉県,市川市,1,1,1,1,1,,,,,"2,580人（敷地面積3,870㎡÷1.5）"
509,子之神社北方会館,千葉県市川市北方3-17-23,千葉県,市川市,1,1,1,1,1,,1,,,490人（敷地面積736㎡÷1.5）
510,葛飾八幡宮,千葉県市川市八幡4-2-1,千葉県,市川市,1,1,1,1,1,,1,,,"7,041人（敷地面積10,562㎡÷1.5）"
511,法華経寺,千葉県市川市中山2-10-1,千葉県,市川市,1,1,1,1,1,,1,,,"19,145人（敷地面積28,718㎡÷1.5）"
512,江戸川河川敷緑地,千葉県市川市市川南3・4丁目地先,千葉県,市川市,,1,,1,,,,,,"47,244人（敷地面積70,866㎡÷1.5）"
513,大洲防災公園,千葉県市川市大洲1-18,千葉県,市川市,,1,1,1,1,,,,,"13,333人（敷地面積20,000㎡÷1.5）"
514,ニッケコルトンプラザ,千葉県市川市鬼高1-1-1,千葉県,市川市,,1,1,1,1,,1,,,"58,966人（敷地面積88,450㎡÷1.5）"
515,地方卸売市場,千葉県市川市鬼高4-5-1,千葉県,市川市,,1,1,1,1,,1,,,"18.888人（敷地面積28,332㎡÷1.5）"
516,原木山妙行寺,千葉県市川市原木1-24-1,千葉県,市川市,,1,1,1,1,,,,,"15,400人（敷地面積23,100㎡÷1.5）"
517,イオン市川妙典店駐車場,千葉県市川市妙典4-4-1、5-3-1,千葉県,市川市,1,,1,1,1,,1,,,"13,359人（敷地面積20,039㎡÷1.5）"
518,コーナン市川原木店駐車場,千葉県市川市原木2526-6,千葉県,市川市,1,,1,,1,,1,,,"7,010人（延床面積10,515㎡÷1.5）"
519,ユニディ千鳥町店駐車場,千葉県市川市千鳥町1番地,千葉県,市川市,1,,1,,1,,1,,,"10,901人（敷地面積16,352㎡÷1.5）"
520,新宿前公園,千葉県市川市河原9,千葉県,市川市,,,1,1,1,,,,,"1,167人（敷地面積1,751㎡÷1.5）"
521,行徳中央公園,千葉県市川市富浜3-10,千葉県,市川市,,,1,1,1,,1,,,"7,525人（敷地面積11,288㎡÷1.5）"
522,塩焼中央公園,千葉県市川市塩焼5-6,千葉県,市川市,,,1,1,1,,1,,,"8,066人（敷地面積12,100㎡÷1.5）"
523,行徳南部公園,千葉県市川市幸2-4,千葉県,市川市,,,,1,1,,,,,"5,400人（敷地面積8,100㎡÷1.5）"
524,駅前公園,千葉県市川市湊新田2-4,千葉県,市川市,,,1,1,1,,1,,,"13,463人（敷地面積20,195㎡÷1.5）"
525,南行徳公園,千葉県市川市相之川4-1,千葉県,市川市,,,1,1,1,,,,,"15,338人（敷地面積23,007㎡÷1.5）"
526,広尾防災公園,千葉県市川市広尾2-3-2,千葉県,市川市,,,1,1,1,,1,,,"17,333人（敷地面積26,000㎡÷1.5）"
527,東海面公園,千葉県市川市南行徳4-7,千葉県,市川市,,,1,1,,,,,,"9,284人（敷地面積13,927㎡÷1.5）"
528,塩浜一号公園,千葉県市川市塩浜4-9,千葉県,市川市,1,,1,1,1,,1,,,"25,093人（敷地面積37,640㎡÷1.5）"
529,県立現代産業科学館駐車場,千葉県市川市鬼高1-1,千葉県,市川市,,1,1,1,1,,1,,,"2,266人（敷地面積3,400㎡÷1.5）"
530,塩焼2丁目広場,千葉県市川市塩焼2-2,千葉県,市川市,,,1,1,1,,1,,,"969人（敷地面積1,454㎡÷1.5）"
531,筑波大学附属聴覚特別支援学校（グラウンド等）,千葉県市川市国府台２－５,千葉県,市川市,1,1,1,1,1,,1,,1,"7161人（敷地面積10,742㎡÷1.5）"
532,天沼弁天池公園,千葉県船橋市本町7-16,千葉県,船橋市,,1,,1,1,1,,1,,2675（1.5㎡あたり1人）
533,北習志野近隣公園,千葉県船橋市習志野台3-4-1,千葉県,船橋市,1,1,1,1,1,1,,1,,8992（1.5㎡あたり1人）
534,高根木戸近隣公園,千葉県船橋市高根台5-3-1,千葉県,船橋市,1,1,1,1,1,1,,1,,8210（1.5㎡あたり1人）
535,夏見台近隣公園,千葉県船橋市夏見台2-13,千葉県,船橋市,1,1,1,1,1,1,,1,,5227（1.5㎡あたり1人）
536,西船近隣公園,千葉県船橋市西船1-25,千葉県,船橋市,,1,,1,,1,,1,,3795（1.5㎡あたり1人）
537,船橋市地方卸売市場,千葉県船橋市市場1-8-1,千葉県,船橋市,,1,,1,,1,,1,,15815（1.5㎡あたり1人）
538,御滝公園,千葉県船橋市金杉6-26,千葉県,船橋市,1,1,1,1,1,1,,1,,4310（1.5㎡あたり1人）
539,薬円台公園,千葉県船橋市薬円台4-25-19,千葉県,船橋市,1,1,1,1,1,1,,1,,8324（1.5㎡あたり1人）
540,坪井近隣公園,千葉県船橋市坪井町1371,千葉県,船橋市,1,1,1,1,1,1,,1,,5920（1.5㎡あたり1人）
541,船橋市総合体育館,千葉県船橋市習志野台7-5-1,千葉県,船橋市,1,1,1,1,1,1,,1,1,10501（1.5㎡あたり1人）
542,船橋市立咲が丘小学校,千葉県船橋市咲が丘1-22-1,千葉県,船橋市,1,1,1,1,1,1,,1,1,2718（1.5㎡あたり1人）
543,船橋市立若松小学校,千葉県船橋市若松3-2-4,千葉県,船橋市,1,1,,1,,1,,1,1,5276（1.5㎡あたり1人）
544,"船橋市立若松小学校
（校舎屋上）",千葉県船橋市若松3-2-4,千葉県,船橋市,,,,,1,,,,,1447（1㎡あたり1人）
545,船橋市立旭中学校,千葉県船橋市旭町2-23-1,千葉県,船橋市,1,,1,1,1,1,,1,1,4543（1.5㎡あたり1人）
546,船橋市立夏見台小学校,千葉県船橋市夏見台2-12-1,千葉県,船橋市,1,1,1,1,1,1,,1,1,3948（1.5㎡あたり1人）
547,船橋市立海神小学校,千葉県船橋市海神2-6-5,千葉県,船橋市,1,1,,1,1,1,,1,1,2268（1.5㎡あたり1人）
548,船橋市立海神中学校,千葉県船橋市海神4-27-1,千葉県,船橋市,1,1,1,1,1,1,,1,1,7628（1.5㎡あたり1人）
549,船橋市立海神南小学校,千葉県船橋市海神町南1-1510,千葉県,船橋市,,1,,1,,1,,1,1,2977（1.5㎡あたり1人）
550,"船橋市立海神南小学校
（校舎屋上）",千葉県船橋市海神町南1-1510,千葉県,船橋市,,,,,1,,,,,478（1㎡あたり1人）
551,船橋市立葛飾小学校,千葉県船橋市印内1-2-1,千葉県,船橋市,1,1,1,1,1,1,,1,1,3563（1.5㎡あたり1人）
552,船橋市立葛飾中学校,千葉県船橋市印内1-5-1,千葉県,船橋市,1,1,1,1,1,1,,1,1,6447（1.5㎡あたり1人）
553,船橋市立丸山小学校,千葉県船橋市丸山4-43-1,千葉県,船橋市,1,1,1,1,1,1,,1,1,3115（1.5㎡あたり1人）
554,船橋市立宮本小学校,千葉県船橋市宮本7-10-1,千葉県,船橋市,1,1,1,1,1,1,,1,1,3928（1.5㎡あたり1人）
555,船橋市立宮本中学校,千葉県船橋市東船橋7-8-1,千葉県,船橋市,1,1,1,1,1,1,,1,1,7880（1.5㎡あたり1人）
556,船橋市立金杉小学校,千葉県船橋市金杉8-10-1,千葉県,船橋市,1,1,1,1,1,1,,1,1,3147（1.5㎡あたり1人）
557,船橋市立金杉台小学校,千葉県船橋市金杉台2-1-7,千葉県,船橋市,,1,1,1,1,1,,1,1,3705（1.5㎡あたり1人）
558,船橋市立金杉台中学校,千葉県船橋市金杉台1-2-18,千葉県,船橋市,1,1,1,1,1,1,,1,1,5010（1.5㎡あたり1人）
559,船橋市立古和釜小学校,千葉県船橋市松が丘3-42-1,千葉県,船橋市,1,1,1,1,1,1,,1,1,3776（1.5㎡あたり1人）
560,船橋市立古和釜中学校,千葉県船橋市松が丘3-69-1,千葉県,船橋市,1,1,1,1,1,1,,1,1,5075（1.5㎡あたり1人）
561,船橋市立御滝中学校,千葉県船橋市金杉6-5-1,千葉県,船橋市,1,1,1,1,1,1,,1,1,7920（1.5㎡あたり1人）
562,船橋市立行田西小学校,千葉県船橋市行田3-4-1,千葉県,船橋市,1,1,1,1,1,1,,1,1,4510（1.5㎡あたり1人）
563,船橋市立行田中学校,千葉県船橋市行田3-6-1,千葉県,船橋市,1,1,1,1,1,1,,1,1,5074（1.5㎡あたり1人）
564,船橋市立行田東小学校,千葉県船橋市行田2-4-1,千葉県,船橋市,1,1,1,1,1,1,,1,1,3882（1.5㎡あたり1人）
565,船橋市立高郷小学校,千葉県船橋市西習志野1-47-1,千葉県,船橋市,1,1,1,1,1,1,,1,1,2965（1.5㎡あたり1人）
566,船橋市立高根小学校,千葉県船橋市高根町2895,千葉県,船橋市,1,1,1,1,1,1,,1,1,2166（1.5㎡あたり1人）
567,"船橋市立船橋特別支援学校
高根台校舎",千葉県船橋市高根台2-1-1,千葉県,船橋市,1,1,1,1,1,1,,1,1,3180（1.5㎡あたり1人）
568,船橋市立高根台第三小学校,千葉県船橋市高根台1-4-1,千葉県,船橋市,1,1,1,1,1,1,,1,1,3761（1.5㎡あたり1人）
569,船橋市立高根台第二小学校,千葉県船橋市高根台5-2-1,千葉県,船橋市,1,1,1,1,1,1,,1,1,3940（1.5㎡あたり1人）
570,船橋市立高根台中学校,千葉県船橋市高根台3-3-1,千葉県,船橋市,1,1,1,1,1,1,,1,1,4262（1.5㎡あたり1人）
571,船橋市立高根中学校,千葉県船橋市新高根1-17-2,千葉県,船橋市,1,1,1,1,1,1,,1,1,7450（1.5㎡あたり1人）
572,船橋市立高根東小学校,千葉県船橋市新高根1-17-1,千葉県,船橋市,1,1,1,1,1,1,,1,1,7235（1.5㎡あたり1人）
573,船橋市立三咲小学校,千葉県船橋市二和東5-39-1,千葉県,船橋市,1,1,1,1,1,1,,1,1,4683（1.5㎡あたり1人）
574,船橋市立三山小学校,千葉県船橋市三山2-42-1,千葉県,船橋市,1,1,1,1,1,1,,1,1,4576（1.5㎡あたり1人）
575,船橋市立三山中学校,千葉県船橋市三山6-26-1,千葉県,船橋市,1,1,1,1,1,1,,1,1,5204（1.5㎡あたり1人）
576,船橋市立三山東小学校,千葉県船橋市三山6-32-1,千葉県,船橋市,1,1,1,1,1,1,,1,1,2788（1.5㎡あたり1人）
577,船橋市立三田中学校,千葉県船橋市田喜野井2-24-1,千葉県,船橋市,1,1,1,1,1,1,,1,1,5156（1.5㎡あたり1人）
578,船橋市立市場小学校,千葉県船橋市市場1-5-1,千葉県,船橋市,,1,,1,,1,,1,1,2610（1.5㎡あたり1人）
579,船橋市立七林小学校,千葉県船橋市七林町115-13,千葉県,船橋市,1,1,1,1,1,1,,1,1,3589（1.5㎡あたり1人）
580,船橋市立七林中学校,千葉県船橋市七林町130,千葉県,船橋市,1,1,1,1,1,1,,1,1,4788（1.5㎡あたり1人）
581,船橋市立芝山西小学校,千葉県船橋市芝山2-4-1,千葉県,船橋市,1,1,1,1,1,1,,1,1,5120（1.5㎡あたり1人）
582,船橋市立芝山中学校,千葉県船橋市芝山1-40-11,千葉県,船橋市,1,1,1,1,1,1,,1,1,5542（1.5㎡あたり1人）
583,船橋市立芝山東小学校,千葉県船橋市芝山3-19-1,千葉県,船橋市,,1,1,1,1,1,,1,1,4298（1.5㎡あたり1人）
584,船橋市立若松中学校,千葉県船橋市若松3-2-3,千葉県,船橋市,1,1,,1,,1,,1,1,5651（1.5㎡あたり1人）
585,"船橋市立若松中学校
（校舎屋上）",千葉県船橋市若松3-2-3,千葉県,船橋市,,,,,1,,,,,1519（1㎡あたり1人）
586,船橋市立習志野台第一小学校,千葉県船橋市習志野台2-51-1,千葉県,船橋市,1,1,1,1,1,1,,1,1,2950（1.5㎡あたり1人）
587,船橋市立習志野台第二小学校,千葉県船橋市習志野台5-43-1,千葉県,船橋市,1,1,1,1,1,1,,1,1,4819（1.5㎡あたり1人）
588,船橋市立習志野台中学校,千葉県船橋市習志野台6-23-1,千葉県,船橋市,1,1,1,1,1,1,,1,1,8362（1.5㎡あたり1人）
589,船橋市立小栗原小学校,千葉県船橋市本中山3-16-12,千葉県,船橋市,,1,,1,,1,,1,1,3276（1.5㎡あたり1人）
590,"船橋市立小栗原小学校
（校舎屋上）",千葉県船橋市本中山3-16-12,千葉県,船橋市,,,,,1,,,,,1015（1㎡あたり1人）
591,船橋市立小室小学校,千葉県船橋市小室町899,千葉県,船橋市,1,1,1,1,1,1,,1,1,9484（1.5㎡あたり1人）
592,船橋市立小室中学校,千葉県船橋市小室町898,千葉県,船橋市,1,1,1,1,1,1,,1,1,6048（1.5㎡あたり1人）
593,船橋市立西海神小学校,千葉県船橋市海神5-19-36,千葉県,船橋市,1,1,1,1,1,1,,1,1,3795（1.5㎡あたり1人）
594,船橋市立船橋小学校,千葉県船橋市本町4-17-20,千葉県,船橋市,1,1,,1,,1,,1,1,2054（1.5㎡あたり1人）
595,"船橋市立船橋小学校
（２階体育館）",千葉県船橋市本町4-17-20,千葉県,船橋市,,,,,1,,,,,715(1㎡あたり1人）
596,船橋市立船橋中学校,千葉県船橋市夏見2-11-1,千葉県,船橋市,1,1,1,1,1,1,,1,1,11209（1.5㎡あたり1人）
597,船橋市立前原小学校,千葉県船橋市前原西2-28-1,千葉県,船橋市,1,1,1,1,1,1,,1,1,2520（1.5㎡あたり1人）
598,船橋市立前原中学校,千葉県船橋市中野木2-33-1,千葉県,船橋市,1,1,1,1,1,1,,1,1,5856（1.5㎡あたり1人）
599,船橋市立大穴小学校,千葉県船橋市大穴南2-7-1,千葉県,船橋市,1,1,1,1,1,1,,1,1,4585（1.5㎡あたり1人）
600,船橋市立大穴中学校,千葉県船橋市大穴南3-19-2,千葉県,船橋市,1,1,1,1,1,1,,1,1,5134（1.5㎡あたり1人）
601,船橋市立大穴北小学校,千葉県船橋市大穴北1-7-1,千葉県,船橋市,1,1,1,1,1,1,,1,1,4104（1.5㎡あたり1人）
602,船橋市立中野木小学校,千葉県船橋市中野木2-19-1,千葉県,船橋市,1,1,1,1,1,1,,1,1,3042（1.5㎡あたり1人）
603,船橋市立塚田小学校,千葉県船橋市前貝塚町600,千葉県,船橋市,1,1,1,1,1,1,,1,1,3454（1.5㎡あたり1人）
604,船橋市立塚田南小学校,千葉県船橋市行田1-50-1,千葉県,船橋市,1,1,1,1,1,1,,1,1,5542（1.5㎡あたり1人）
605,船橋市立坪井小学校,千葉県船橋市坪井町747-1,千葉県,船橋市,1,1,1,1,1,1,,1,1,3246（1.5㎡あたり1人）
606,船橋市立坪井中学校,千葉県船橋市坪井東1-24-1,千葉県,船橋市,1,1,1,1,1,1,,1,1,5134（1.5㎡あたり1人）
607,船橋市立田喜野井小学校,千葉県船橋市田喜野井4-33-1,千葉県,船橋市,1,1,1,1,1,1,,1,1,4674（1.5㎡あたり1人）
608,船橋市立南本町小学校,千葉県船橋市栄町1-7-1,千葉県,船橋市,,1,,1,,1,,1,1,3266（1.5㎡あたり1人）
609,"船橋市立南本町小学校
（校舎屋上）",千葉県船橋市栄町1-7-1,千葉県,船橋市,,,,,1,,,,,1518（1㎡あたり1人）
610,船橋市立二宮小学校,千葉県船橋市前原東5-9-3,千葉県,船橋市,1,1,1,1,1,1,,1,1,3868（1.5㎡あたり1人）
611,船橋市立二宮中学校,千葉県船橋市滝台1-2-1,千葉県,船橋市,1,1,1,1,1,1,,1,1,6676（1.5㎡あたり1人）
612,船橋市立二和小学校,千葉県船橋市二和東1-9-11,千葉県,船橋市,1,1,1,1,1,1,,1,1,3312（1.5㎡あたり1人）
613,船橋市立八栄小学校,千葉県船橋市夏見5-27-1,千葉県,船橋市,1,1,1,1,,1,,1,1,2831（1.5㎡あたり1人）
614,船橋市立八木が谷小学校,千葉県船橋市八木が谷2-3-1,千葉県,船橋市,1,1,1,1,1,1,,1,1,3640（1.5㎡あたり1人）
615,船橋市立八木が谷中学校,千葉県船橋市八木が谷2-9-1,千葉県,船橋市,1,1,1,1,1,1,,1,1,6626（1.5㎡あたり1人）
616,船橋市立八木が谷北小学校,千葉県船橋市八木が谷4-13-1,千葉県,船橋市,1,1,1,1,1,1,,1,1,3500（1.5㎡あたり1人）
617,船橋市立飯山満小学校,千葉県船橋市飯山満町3-1394-3,千葉県,船橋市,1,1,1,1,1,1,,1,1,5040（1.5㎡あたり1人）
618,船橋市立飯山満中学校,千葉県船橋市飯山満町1-946-1,千葉県,船橋市,1,1,1,1,1,1,,1,1,5528（1.5㎡あたり1人）
619,船橋市立飯山満南小学校,千葉県船橋市飯山満町1-954-4,千葉県,船橋市,1,1,1,1,1,1,,1,1,3836（1.5㎡あたり1人）
620,船橋市立峰台小学校,千葉県船橋市宮本6-33-1,千葉県,船橋市,1,,1,1,,1,,1,1,3631（1.5㎡あたり1人）
621,船橋市立法典小学校,千葉県船橋市藤原5-2-1,千葉県,船橋市,1,1,1,1,1,1,,1,1,4016（1.5㎡あたり1人）
622,船橋市立法典西小学校,千葉県船橋市上山町1-111-5,千葉県,船橋市,1,1,1,1,1,1,,1,1,3563（1.5㎡あたり1人）
623,船橋市立法典東小学校,千葉県船橋市丸山5-25-1,千葉県,船橋市,1,1,1,1,1,1,,1,1,4180（1.5㎡あたり1人）
624,船橋市立法田中学校,千葉県船橋市藤原7-46-1,千葉県,船橋市,1,1,1,1,1,1,,1,1,5836（1.5㎡あたり1人）
625,船橋市立豊富小学校,千葉県船橋市豊富町1,千葉県,船橋市,1,1,1,1,1,1,,1,1,7733（1.5㎡あたり1人）
626,船橋市立豊富中学校,千葉県船橋市豊富町12,千葉県,船橋市,1,1,1,1,1,1,,1,1,4402（1.5㎡あたり1人）
627,船橋市立湊中学校,千葉県船橋市日の出1-1-2,千葉県,船橋市,,1,,1,,1,,1,1,7332（1.5㎡あたり1人）
628,"船橋市立湊中学校
（校舎屋上）",千葉県船橋市日の出1-1-2,千葉県,船橋市,,,,,1,,,,,1105（1㎡あたり1人）
629,船橋市立湊町小学校,千葉県船橋市湊町1-16-5,千葉県,船橋市,,1,,1,,1,,1,1,5586（1.5㎡あたり1人）
630,"船橋市立湊町小学校
（校舎屋上）",千葉県船橋市湊町1-16-5,千葉県,船橋市,,,,,1,,,,,1483（1㎡あたり1人）
631,船橋市立薬円台小学校,千葉県船橋市薬円台4-5-1,千葉県,船橋市,1,1,1,1,1,1,,1,1,6301（1.5㎡あたり1人）
632,船橋市立薬円台南小学校,千葉県船橋市薬円台2-18-1,千葉県,船橋市,1,1,1,1,1,1,,1,1,3669（1.5㎡あたり1人）
633,船橋市立船橋高校,千葉県船橋市市場4-5-1,千葉県,船橋市,1,1,1,1,1,1,,1,1,6066（1.5㎡あたり1人）
634,法典公園,千葉県船橋市藤原5-9-10,千葉県,船橋市,1,1,1,1,1,1,,1,,17257（1.5㎡あたり1人）
635,船橋市運動公園,千葉県船橋市夏見台6-4-1,千葉県,船橋市,1,1,1,1,1,1,,1,,44997（1.5㎡あたり1人）
636,千葉県立行田公園,千葉県船橋市行田2-5-1,千葉県,船橋市,1,1,1,1,1,1,,1,,21059（1.5㎡あたり1人）
637,千葉県立船橋県民の森,千葉県船橋市大神保町586-2,千葉県,船橋市,1,1,1,1,1,1,,1,,69824（1.5㎡あたり1人）
638,千葉県立船橋高等学校,千葉県船橋市東船橋6-1-1,千葉県,船橋市,1,1,1,1,1,1,,1,1,12251（1.5㎡あたり1人）
639,千葉県立薬園台高等学校,千葉県船橋市薬円台5-34-1,千葉県,船橋市,1,1,1,1,1,1,,1,1,6870（1.5㎡あたり1人）
640,千葉県立船橋東高等学校,千葉県船橋市芝山2-13-1,千葉県,船橋市,1,1,1,1,1,1,,1,1,12299（1.5㎡あたり1人）
641,千葉県立船橋啓明高等学校,千葉県船橋市旭町333,千葉県,船橋市,,1,1,1,1,1,,1,1,10841（1.5㎡あたり1人）
642,千葉県立船橋芝山高等学校,千葉県船橋市芝山7-39-1,千葉県,船橋市,1,1,1,1,1,1,,1,1,7093（1.5㎡あたり1人）
643,千葉県立船橋二和高等学校,千葉県船橋市二和西1-3-1,千葉県,船橋市,1,1,1,1,1,1,,1,1,13940（1.5㎡あたり1人）
644,千葉県立船橋古和釜高等学校,千葉県船橋市古和釜町586,千葉県,船橋市,1,1,1,1,1,1,,1,1,8874（1.5㎡あたり1人）
645,千葉県立船橋法典高等学校,千葉県船橋市藤原4-1-1,千葉県,船橋市,1,1,1,1,1,1,,1,1,9520（1.5㎡あたり1人）
646,千葉県立船橋北高等学校,千葉県船橋市神保町133-1,千葉県,船橋市,1,1,1,1,1,1,,1,1,11517（1.5㎡あたり1人）
647,東葉高等学校,千葉県船橋市飯山満町2-665-1,千葉県,船橋市,1,1,1,1,1,1,,1,1,5384（1.5㎡あたり1人）
648,日本大学理工学部,千葉県船橋市習志野台7-24-1,千葉県,船橋市,1,1,1,1,1,1,,1,1,33793（1.5㎡あたり1人）
649,日本大学生産工学部,千葉県船橋市習志野市泉町1-2-1,千葉県,船橋市,1,1,1,1,1,1,,1,,7383（1.5㎡あたり1人）
650,東邦大学,千葉県船橋市三山2-2-1,千葉県,船橋市,1,1,1,1,1,1,,1,1,9891（1.5㎡あたり1人）
651,陸上自衛隊習志野演習場,千葉県船橋市習志野3-1,千葉県,船橋市,1,1,1,1,1,1,,1,,482883（1.5㎡あたり1人）
652,中山競馬場,千葉県船橋市古作1-1-1,千葉県,船橋市,1,1,1,1,1,1,,1,,307083（1.5㎡あたり1人）
653,船橋大神宮,千葉県船橋市宮本5-2-1,千葉県,船橋市,1,1,,1,,1,,1,,4514（1.5㎡あたり1人）
654,船橋競馬場正面駐車場,千葉県船橋市若松1-2-1,千葉県,船橋市,,1,,1,,1,,1,,10000（1.5㎡あたり1人）
655,NTT船橋グラウンド,千葉県船橋市飯山満町2-622,千葉県,船橋市,1,1,1,1,1,1,,1,,7704（1.5㎡あたり1人）
656,"アイシーエクスプレス
京葉物流センター",千葉県船橋市潮見町35-3,千葉県,船橋市,,,,,1,,,,,施設側が受入可能と判断する人数
657,IKEA Tokyo-Bay,千葉県船橋市浜町2-3-30,千葉県,船橋市,,,,,1,,,,,5107（1㎡あたり1人）
658,グランドホライゾン・トーキョーベイ,千葉県船橋市浜町2-3-35～37,千葉県,船橋市,,,,,1,,,,,12000（1㎡あたり1人）
659,京葉港湾労働者福祉センター,千葉県船橋市潮見町32-3,千葉県,船橋市,,,,,1,,,,,216（1㎡あたり1人）
660,コナミスポーツクラブ船橋,千葉県船橋市湊町2-8-45,千葉県,船橋市,,,,,1,,,,,2300（1㎡あたり1人）
661,ダイアパレスライブシティ船橋,千葉県船橋市栄町1-9-1,千葉県,船橋市,,,,,1,,,,,2000（1㎡あたり1人）
662,"三井物産グローバルロジスティクス
東関東支店東浜流通センター",千葉県市川市東浜1-2-1,千葉県,船橋市,,,,,1,,,,,9245（1㎡あたり1人）
663,ビビット南船橋,千葉県船橋市浜町2-2-7,千葉県,船橋市,,,,,1,,,,,10000（1㎡あたり1人）
664,三井ショッピングパークららぽーとTOKYO-BAY,千葉県船橋市浜町2-1-1,千葉県,船橋市,,,,,1,,,,,18769（1㎡あたり1人）
665,ワンダーベイシティＳＡＺＡＮ,千葉県船橋市浜町2-3-31～34,千葉県,船橋市,,,,,1,,,,,1280（1㎡あたり1人）
666,南部清掃工場　工場棟,千葉県船橋市潮見町38,千葉県,船橋市,,,,,1,,,,,756（１㎡あたり1人）
667,ふなばし三番瀬環境学習館,千葉県船橋市潮見町40,千葉県,船橋市,,,,,1,,,,,1250（1㎡あたり1人）
668,船橋市　市庁舎,千葉県船橋市湊町2-10-25,千葉県,船橋市,,,,,1,,,,,3687（1㎡あたり1人）
669,高瀬町まちかどスポーツ広場,千葉県船橋市高瀬町56,千葉県,船橋市,1,1,,1,,1,,1,,24266（1.5㎡あたり1人）
670,高瀬下水処理場上部運動広場（タカスポ）,千葉県船橋市高瀬町56-1,千葉県,船橋市,,,,,1,,,,,21000（1㎡あたり1人）
671,スーパーオートバックス市川　立体駐車場（３階、Ｒ階）,千葉県市川市鬼高3-32-12,千葉県,船橋市,,,,,1,,,,,3124（1㎡あたり1人）
672,三井不動産ロジスティクスパーク船橋Ⅱ　立体駐車場棟（３階、Ｒ階）,千葉県船橋市浜町2-6-25,千葉県,船橋市,,,,,1,,,,,2530（1㎡あたり1人）
673,大穴近隣公園,千葉県船橋市大穴南4-674-1,千葉県,船橋市,1,1,1,1,1,1,,1,,"17,458（1.5㎡あたり1人）"
674,京葉ガス株式会社　船橋倉庫,千葉県船橋市南海神1-7-1,千葉県,船橋市,,,,,1,,,,,911（1㎡あたり1人）
675,子安神社,千葉県館山市湊189,千葉県,館山市,,,,1,1,,,,1,
676,コミュニティーセンター,千葉県館山市北条740-1,千葉県,館山市,1,1,1,,1,,1,,1,24000
677,安房高校第二グランド,千葉県館山市北条1346-1,千葉県,館山市,,,,1,1,,,,,
678,館山総合高校,千葉県館山市北条106,千葉県,館山市,1,1,1,1,1,,1,,1,15000
679,東光寺,千葉県館山市布沼1259,千葉県,館山市,,,,1,1,,,,,
680,安房高校,千葉県館山市八幡385,千葉県,館山市,1,1,1,1,1,,1,,1,15000
681,那古小学校,千葉県館山市那古272,千葉県,館山市,1,1,1,1,1,,1,,1,5800
682,那古寺,千葉県館山市那古1125,千葉県,館山市,,,,1,1,,,,,
683,安房特別支援学校,千葉県館山市中里284-1,千葉県,館山市,1,1,1,1,1,,1,,1,5000
684,相浜神社,千葉県館山市相浜42-1,千葉県,館山市,,,,1,,,,,,3700
685,船形学園,千葉県館山市船形1377,千葉県,館山市,,,,1,1,,,,,
686,八雲神社,千葉県館山市正木1378-1,千葉県,館山市,,,,1,1,,,,,
687,神明神社,千葉県館山市新宿51,千葉県,館山市,,,,1,1,,,,,
688,宝安禅寺,千葉県館山市小沼21,千葉県,館山市,,,,1,1,,,,,
689,洲宮神社,千葉県館山市洲宮921,千葉県,館山市,,,,1,1,,,,,
690,西方寺,千葉県館山市坂田347,千葉県,館山市,,,,1,1,,,,,
691,諏訪神社,千葉県館山市坂井196,千葉県,館山市,,,,1,1,,,,,
692,旧神戸小学校,千葉県館山市犬石1496,千葉県,館山市,1,1,1,1,1,,1,,1,4700
693,犬石神社,千葉県館山市犬石142-1,千葉県,館山市,,,,1,1,,,,,
694,豊津ホール,千葉県館山市宮城192-2,千葉県,館山市,1,1,1,1,1,,,,,
695,熊野神社,千葉県館山市宮城172,千葉県,館山市,,,,1,1,,,,,
696,御嶽神社,千葉県館山市塩見365,千葉県,館山市,,,,1,1,,,,,
697,西岬地区公民館分館,千葉県館山市伊戸2503,千葉県,館山市,1,,1,1,1,,1,,1,800
698,御嶽神社下,千葉県館山市伊戸2015,千葉県,館山市,,,,,1,,,,,
699,九重小学校,千葉県館山市安東3,千葉県,館山市,1,1,1,1,,,1,,1,3200
700,安房自然村,千葉県館山市布良600,千葉県,館山市,,,,1,1,,,,,3000
701,中央公園,千葉県館山市北条1740,千葉県,館山市,,,,1,1,,,,,7100
702,北条小学校,千葉県館山市北条456,千葉県,館山市,1,1,1,1,,,1,,1,16000
703,布良崎神社,千葉県館山市布良379,千葉県,館山市,,,,1,1,,,,,1700
704,八坂神社,千葉県館山市伊戸1239,千葉県,館山市,,,,,1,,,,,
705,西岬小学校,千葉県館山市加賀名151,千葉県,館山市,1,1,1,1,1,,1,,1,6100
706,館山小学校,千葉県館山市館山317,千葉県,館山市,1,1,1,1,1,,1,,1,11000
707,城山公園周辺,千葉県館山市館山362,千葉県,館山市,,,,1,1,,,,,10000
708,西岬地区公民館,千葉県館山市見物65,千葉県,館山市,1,1,1,1,1,,1,,1,1600
709,浅間神社,千葉県館山市香983-2,千葉県,館山市,,,,,1,,,,,
710,房南学園,千葉県館山市佐野2070,千葉県,館山市,1,1,1,1,1,,1,,1,11000
711,館野小学校,千葉県館山市山本1028,千葉県,館山市,1,1,1,1,,,1,,1,6800
712,洲崎神社,千葉県館山市洲崎1697,千葉県,館山市,,,,1,1,,,,,1000
713,総持院,千葉県館山市沼1139,千葉県,館山市,,,,1,1,,,,,1300
714,国司神社,千葉県館山市沼931,千葉県,館山市,,,,,1,,,,,
715,神余小学校,千葉県館山市神余1363,千葉県,館山市,1,1,1,1,,,1,,1,1600
716,吾妻神社,千葉県館山市西川名1668,千葉県,館山市,,,,,1,,,,,
717,長勝寺,千葉県館山市川名549,千葉県,館山市,,,,1,1,,,,,900
718,船形小学校,千葉県館山市船形405-2,千葉県,館山市,1,1,1,1,1,,1,,1,5100
719,西行寺周辺,千葉県館山市船形745,千葉県,館山市,,,,1,1,,,,,3000
720,館山海上技術学校,千葉県館山市大賀無,千葉県,館山市,1,1,1,1,1,,1,,1,3000
721,豊房小学校,千葉県館山市大戸266-2,千葉県,館山市,1,1,1,1,,,1,,1,9000
722,安房神社,千葉県館山市大神宮508,千葉県,館山市,,,,1,1,,,,,21100
723,来福寺,千葉県館山市長須賀46,千葉県,館山市,,,,1,1,,,,,300
724,第一中学校,千葉県館山市那古954,千葉県,館山市,1,1,1,1,,,1,,1,27000
725,光明院,千葉県館山市波左間599,千葉県,館山市,,,,,1,,,,,
726,畑小学校跡,千葉県館山市畑73,千葉県,館山市,,,,1,,,,,,300
727,鶴谷八幡宮,千葉県館山市八幡68,千葉県,館山市,,,,1,1,,,,,8700
728,龍樹院,千葉県館山市布良280,千葉県,館山市,,,,1,1,,,,,1100
729,座面公園,千葉県木更津市木更津３丁目７番,千葉県,木更津市,,,,1,,1,,,,1100
730,大関公園,千葉県木更津市畑沢３丁目２番,千葉県,木更津市,,,,1,,1,,,,1025
731,清見台中央公園,千葉県木更津市清見台南４丁目５番,千葉県,木更津市,,,,1,,1,,,,4250
732,貝渕公園,千葉県木更津市桜町１丁目３番,千葉県,木更津市,,,,1,,1,,,,4675
733,中清水公園,千葉県木更津市畑沢４丁目４番,千葉県,木更津市,,,,1,,1,,,,1025
734,桜井南公園,千葉県木更津市桜井１５９５番地２,千葉県,木更津市,,,,1,,1,,,,1825
735,野際公園,千葉県木更津市清見台東１丁目４番,千葉県,木更津市,,,,1,,1,,,,3000
736,小櫃堰公園,千葉県木更津市祇園３５８番地,千葉県,木更津市,,,,1,,1,,,,20000
737,大久保公園,千葉県木更津市大久保２丁目１４番,千葉県,木更津市,,,,1,,1,,,,1475
738,大作公園,千葉県木更津市八幡台３丁目２６番,千葉県,木更津市,,,,1,,1,,,,1050
739,真舟中央公園,千葉県木更津市真舟４丁目９番,千葉県,木更津市,,,,1,,1,,,,3650
740,板取公園,千葉県木更津市畑沢南５丁目１０番,千葉県,木更津市,,,,1,,1,,,,1500
741,八幡台中央公園,千葉県木更津市八幡台４丁目３番,千葉県,木更津市,,,,1,,1,,,,10000
742,江沢公園,千葉県木更津市清川１丁目１３番,千葉県,木更津市,,,,1,,1,,,,1750
743,八崎公園,千葉県木更津市請西３丁目２番,千葉県,木更津市,,,,1,,1,,,,4275
744,港南台中央公園,千葉県木更津市港南台２－１７,千葉県,木更津市,,,,1,,1,,,,2325
745,木更津市立木更津第一小学校,千葉県木更津市中央１丁目１１番１号,千葉県,木更津市,※1,1,,1,,1,,,1,2761
746,木更津市立木更津第二小学校,千葉県木更津市文京５丁目６番２４号,千葉県,木更津市,※1,1,,1,1,1,,,1,6826
747,木更津市立東清小学校,千葉県木更津市菅生１１４番地,千葉県,木更津市,1,1,,1,1,1,,,1,8143
748,木更津市立西清小学校,千葉県木更津市長須賀２４４５番地,千葉県,木更津市,1,1,,1,1,1,,,1,1781
749,木更津市立南清小学校,千葉県木更津市ほたる野３丁目５番地,千葉県,木更津市,1,1,,1,1,1,,,1,10717
750,木更津市立清見台小学校,千葉県木更津市清見台南１丁目１５番１号,千葉県,木更津市,1,1,,1,1,1,,,1,7717
751,木更津市立岩根小学校,千葉県木更津市西岩根８番１号,千葉県,木更津市,※1,1,,1,1,1,,,1,5424
752,木更津市立高柳小学校,千葉県木更津市高柳５９３２番地,千葉県,木更津市,1,1,,1,1,1,,,1,9326
753,木更津市立八幡台小学校,千葉県木更津市八幡台４丁目５番１号,千葉県,木更津市,1,1,,1,1,1,,,1,9305
754,木更津市立金田小学校,千葉県木更津市中島２９３１番地１,千葉県,木更津市,※1,1,,1,1,1,,,1,9103
755,木更津市立富来田小学校,千葉県木更津市真里谷５１８番地,千葉県,木更津市,1,1,,1,1,1,,,1,2354
756,旧木更津市立富岡小学校,千葉県木更津市下郡１８８６番地,千葉県,木更津市,1,1,,1,1,1,,,1,7386
757,木更津市立祇園小学校,千葉県木更津市清川１丁目１番１号,千葉県,木更津市,1,1,,1,1,1,,,1,7167
758,木更津市立畑沢小学校,千葉県木更津市畑沢南２丁目１６番１号,千葉県,木更津市,1,1,,1,1,1,,,1,9737
759,木更津市立請西小学校,千葉県木更津市請西２丁目８番１号,千葉県,木更津市,1,1,,1,1,1,,,1,5423
760,木更津市立中郷小学校,千葉県木更津市井尻９７８番地,千葉県,木更津市,1,1,,1,1,1,,,1,2462
761,木更津市立木更津第一中学校,千葉県木更津市中央１丁目１０番１号,千葉県,木更津市,,1,,1,,1,,,1,8236
762,木更津市立木更津第二中学校,千葉県木更津市請西９４１番地,千葉県,木更津市,1,1,,1,1,1,,,1,5537
763,木更津市立木更津第三中学校,千葉県木更津市永井作１丁目１番１号,千葉県,木更津市,1,※1,,1,1,1,,,1,4955
764,木更津市立岩根中学校,千葉県木更津市高柳３丁目７番４９号,千葉県,木更津市,1,1,,1,1,1,,,1,11608
765,木更津市立岩根西中学校,千葉県木更津市久津間３７３番地,千葉県,木更津市,※1,1,,1,1,1,,,1,10107
766,木更津市立太田中学校,千葉県木更津市東太田１丁目２番１号,千葉県,木更津市,1,1,,1,1,1,,,1,12692
767,木更津市立畑沢中学校,千葉県木更津市畑沢１０５３番地１,千葉県,木更津市,1,1,,1,1,1,,,1,13897
768,木更津市立波岡中学校,千葉県木更津市大久保３丁目９番１号,千葉県,木更津市,1,1,,1,1,1,,,1,11294
769,木更津市立鎌足中学校,千葉県木更津市矢那２７９７番地,千葉県,木更津市,1,1,,1,1,1,,,1,9942
770,木更津市立金田中学校,千葉県木更津市中島２８２０番地,千葉県,木更津市,※1,1,,1,1,1,,,1,6483
771,旧木更津市立中郷中学校,千葉県木更津市有吉９３２番地,千葉県,木更津市,1,1,,※1,1,1,,,1,7871
772,木更津市立清川中学校,千葉県木更津市中尾１０９６番地,千葉県,木更津市,1,1,,1,1,1,,,1,8860
773,木更津市立富来田中学校,千葉県木更津市真里谷２７５番地,千葉県,木更津市,1,1,,1,1,1,,,1,11745
774,木更津市立文京公民館,千葉県木更津市文京２丁目６番５４号,千葉県,木更津市,※1,1,,1,1,1,,,1,528
775,木更津市立八幡台公民館,千葉県木更津市八幡台４丁目２番１号,千葉県,木更津市,1,1,,1,1,1,,,1,2669
776,木更津市立東清公民館,千葉県木更津市笹子４６９番地１,千葉県,木更津市,1,1,,1,1,1,,,1,732
777,木更津市立鎌足公民館,千葉県木更津市矢那８９９番地１,千葉県,木更津市,※1,1,,1,1,1,,,1,1875
778,木更津市立中郷公民館,千葉県木更津市井尻７８９番地,千葉県,木更津市,1,1,,1,1,1,,,1,462
779,木更津市立富来田公民館,千葉県木更津市真里谷１１０番地,千葉県,木更津市,1,1,,1,1,1,,,1,2067
780,木更津市立岩根公民館,千葉県木更津市高柳３丁目２番１号,千葉県,木更津市,1,1,,1,1,1,,,1,142
781,木更津市立清見台公民館,千葉県木更津市清見台南５丁目１番２９号,千葉県,木更津市,1,1,,1,1,1,,,1,489
782,木更津市立畑沢公民館,千葉県木更津市畑沢１０５３番地１２,千葉県,木更津市,1,1,,1,1,1,,,1,1204
783,木更津市立岩根西公民館,千葉県木更津市江川９３４番地１,千葉県,木更津市,※1,1,,1,,1,,,1,969
784,木更津市立富岡公民館,千葉県木更津市下郡１７７０番地１,千葉県,木更津市,1,1,,1,1,1,,,1,458
785,木更津市立西清川公民館,千葉県木更津市永井作２丁目１１番１２号,千葉県,木更津市,1,1,,1,1,1,,,1,854
786,木更津市立波岡公民館,千葉県木更津市大久保５丁目７番１号,千葉県,木更津市,1,1,,1,1,1,,,1,1319
787,木更津市立桜井公民館,千葉県木更津市桜井新町４丁目２番地,千葉県,木更津市,1,1,,1,1,1,,,1,1116
788,木更津市民体育館,千葉県木更津市貝渕２丁目１３番４０号,千葉県,木更津市,,1,,,,1,,,1,4416
789,木更津市立真舟小学校,千葉県木更津市真舟２丁目６番１号,千葉県,木更津市,1,1,,1,1,1,,,1,17893
790,木更津市金田地域交流センター,千葉県木更津市金田東６丁目１１番地１,千葉県,木更津市,1,1,,1,1,1,,,1,2913
791,千葉県立木更津東高等学校,千葉県木更津市木更津２丁目２番４５号,千葉県,木更津市,1,1,,※1,1,1,,,1,1173
792,千葉県立木更津高等学校,千葉県木更津市文京４丁目１番１号,千葉県,木更津市,1,1,,1,1,1,,,1,1714
793,拓殖大学紅陵高等学校,千葉県木更津市桜井１４０３番地,千葉県,木更津市,1,1,,1,1,1,,,1,1574
794,志学館中等部・高等部,千葉県木更津市真舟３丁目２９番１号,千葉県,木更津市,1,1,,1,1,1,,,1,1246
795,木更津総合高等学校,千葉県木更津市東太田３丁目４番１号,千葉県,木更津市,1,1,,1,1,1,,,1,2399
796,清和大学短期大学部,千葉県木更津市東太田３丁目４番２号,千葉県,木更津市,1,1,,1,1,1,,,1,1866
797,桜井運動場,千葉県木更津市桜井新町４丁目２番,千葉県,木更津市,1,1,,1,1,1,,,,5025
798,江川総合運動場,千葉県木更津市江川９５９番地１,千葉県,木更津市,,,,1,,1,,,,9372
799,道の駅木更津 うまくたの里,千葉県木更津市下郡１３６９番地１,千葉県,木更津市,,,,1,,1,,,,4744
800,清和大学,木更津市東太田３丁目４番５号,千葉県,木更津市,1,1,,1,1,1,,,1,896
801,旭町小学校,千葉県松戸市旭町1-20-2,千葉県,松戸市,1,1,,1,,1,1,,1,1036人(一人当たり4㎡)
802,専修大学松戸高等学校,千葉県松戸市上本郷2-3621,千葉県,松戸市,1,1,,1,,1,1,,1,551人(一人当たり4㎡)
803,横須賀小学校,千葉県松戸市新松戸北２－１３－１,千葉県,松戸市,1,1,,1,,1,1,,1,869人(一人当たり4㎡)
804,河原塚小学校,千葉県松戸市河原塚４７－１,千葉県,松戸市,1,1,,1,,1,1,,1,723人(一人当たり4㎡)
805,河原塚中学校,千葉県松戸市河原塚１９０,千葉県,松戸市,1,1,,1,,1,1,,1,881人(一人当たり4㎡)
806,矢切小学校,千葉県松戸市中矢切５４０,千葉県,松戸市,1,1,,1,,1,1,,1,844人(一人当たり4㎡)
807,六実中学校,千葉県松戸市六高台５－１６６－１,千葉県,松戸市,1,1,,1,,1,1,,1,1073人(一人当たり4㎡)
808,南部小学校,千葉県松戸市小山１４８,千葉県,松戸市,1,1,,1,,1,1,,1,701人(一人当たり4㎡)
809,第二中学校,千葉県松戸市小山６８５,千葉県,松戸市,1,1,,1,,1,1,,1,1021人(一人当たり4㎡)
810,馬橋北小学校,千葉県松戸市新松戸南２－１,千葉県,松戸市,1,1,,1,,1,1,,1,858人(一人当たり4㎡)
811,北部小学校,千葉県松戸市根本２１７,千葉県,松戸市,1,1,,1,,1,1,,1,949人(一人当たり4㎡)
812,東漸寺,千葉県松戸市小金３５９－１,千葉県,松戸市,1,1,,1,,1,1,,,2823人(一人当たり4㎡)
813,第一中学校,千葉県松戸市岩瀬５８７,千葉県,松戸市,1,1,,1,,1,1,,1,1057人(一人当たり4㎡)
814,小金小学校,千葉県松戸市小金３５５,千葉県,松戸市,1,1,,1,,1,1,,1,939人(一人当たり4㎡)
815,常盤平中学校,千葉県松戸市常盤平７－２５,千葉県,松戸市,1,1,,1,,1,1,,1,1172人(一人当たり4㎡)
816,松戸運動公園,千葉県松戸市上本郷４４３４,千葉県,松戸市,1,1,,1,,1,1,,,12375人(一人当たり4㎡)
817,第六中学校,千葉県松戸市千駄堀１３４１,千葉県,松戸市,1,1,,1,,1,1,,1,1168人(一人当たり4㎡)
818,第五中学校,千葉県松戸市高塚新田３８０,千葉県,松戸市,1,1,,1,,1,1,,1,866人(一人当たり4㎡)
819,松ヶ丘小学校,千葉県松戸市松戸新田１５９,千葉県,松戸市,1,1,,1,,1,1,,1,746人(一人当たり4㎡)
820,旧古ヶ崎南小学校,千葉県松戸市古ケ崎1-3073,千葉県,松戸市,1,1,,1,,1,1,,1,594人(一人当たり4㎡)
821,八ヶ崎第二小学校,千葉県松戸市八ケ崎3-3-1,千葉県,松戸市,1,1,,1,,1,1,,1,696人(一人当たり4㎡)
822,高木第二小学校,千葉県松戸市五香４－１８－１,千葉県,松戸市,1,1,,1,,1,1,,1,973人(一人当たり4㎡)
823,梨香台小学校,千葉県松戸市高塚新田５１２－１３,千葉県,松戸市,1,1,,1,,1,1,,1,757人(一人当たり4㎡)
824,栗ヶ沢公園,千葉県松戸市小金原８－２６,千葉県,松戸市,1,1,,1,,1,1,,,3733人(一人当たり4㎡)
825,和名ヶ谷中学校,千葉県松戸市和名ケ谷1338-1,千葉県,松戸市,1,1,,1,,1,1,,1,960人(一人当たり4㎡)
826,中部小学校,千葉県松戸市松戸２０６２,千葉県,松戸市,1,1,,1,,1,1,,1,778人(一人当たり4㎡)
827,日本大学松戸歯学部,千葉県松戸市栄町西２－８７０－１,千葉県,松戸市,1,1,,1,,1,1,,1,163人(一人当たり4㎡)
828,六実第二小学校,千葉県松戸市六実２－３４－１,千葉県,松戸市,1,1,,1,,1,1,,1,587人(一人当たり4㎡)
829,古ヶ崎中学校,千葉県松戸市古ケ崎2515-1,千葉県,松戸市,1,1,,1,,1,1,,1,1070人(一人当たり4㎡)
830,小金南中学校,千葉県松戸市小金清志町１－１６－１,千葉県,松戸市,1,1,,1,,1,1,,1,738人(一人当たり4㎡)
831,松飛台第二小学校,千葉県松戸市松飛台５９,千葉県,松戸市,1,1,,1,,1,1,,1,712人(一人当たり4㎡)
832,東部スポーツパーク体育館,千葉県松戸市高塚新田４２７,千葉県,松戸市,1,1,,1,,,1,,1,465人(一人当たり4㎡)
833,松飛台小学校,千葉県松戸市五香西４－２２－１,千葉県,松戸市,1,1,,1,,1,1,,1,944人(一人当たり4㎡)
834,古ヶ崎小学校,千葉県松戸市古ケ崎4-3620-1,千葉県,松戸市,1,1,,1,,1,1,,1,948人(一人当たり4㎡)
835,新松戸中央公園,千葉県松戸市新松戸６－２２,千葉県,松戸市,,1,,1,,1,1,,,2404人(一人当たり4㎡)
836,東部小学校,千葉県松戸市高塚新田３８２－１,千葉県,松戸市,1,1,,1,,1,1,,1,729人(一人当たり4㎡)
837,八ヶ崎小学校,千葉県松戸市八ケ崎6-53-1,千葉県,松戸市,1,1,,1,,1,1,,1,753人(一人当たり4㎡)
838,ユーカリ交通公園,千葉県松戸市小金原１－２５,千葉県,松戸市,1,1,,1,,1,1,,,2787人(一人当たり4㎡)
839,小金原公園,千葉県松戸市小金原６－１０,千葉県,松戸市,1,1,,1,,1,1,,,3733人(一人当たり4㎡)
840,栗ヶ沢小学校,千葉県松戸市小金原７－１６,千葉県,松戸市,1,1,,1,,1,1,,1,985人(一人当たり4㎡)
841,松戸中央公園,千葉県松戸市岩瀬４８７－１,千葉県,松戸市,1,1,,1,,1,1,,,3047人(一人当たり4㎡)
842,松戸競輪場,千葉県松戸市上本郷５９４,千葉県,松戸市,,1,,1,,1,1,,,6037人(一人当たり4㎡)
843,六実第三小学校,千葉県松戸市六高台３－１４１,千葉県,松戸市,1,1,,1,,1,1,,1,756人(一人当たり4㎡)
844,六実中央公園,千葉県松戸市六高台３－１４２,千葉県,松戸市,1,1,,1,,1,1,,,1989人(一人当たり4㎡)
845,上本郷第二小学校,千葉県松戸市上本郷２６７７,千葉県,松戸市,1,,,1,,1,1,,1,697人(一人当たり4㎡)
846,上本郷小学校,千葉県松戸市上本郷３６２０,千葉県,松戸市,1,1,,1,,1,1,,1,817人(一人当たり4㎡)
847,陸上自衛隊松戸駐屯地,千葉県松戸市五香六実１７,千葉県,松戸市,1,1,,1,,1,1,,,3620人(一人当たり4㎡)
848,柿ノ木台小学校,千葉県松戸市二十世紀が丘柿の木町１１１,千葉県,松戸市,1,1,,1,,1,1,,1,860人(一人当たり4㎡)
849,柿ノ木台公園,千葉県松戸市二十世紀が丘柿の木町９９,千葉県,松戸市,1,1,,1,,1,1,,,1680人(一人当たり4㎡)
850,大橋小学校,千葉県松戸市二十世紀が丘梨元町３２,千葉県,松戸市,1,1,,1,,1,1,,1,716人(一人当たり4㎡)
851,第四中学校,千葉県松戸市五香西１－６－１,千葉県,松戸市,1,1,,1,,1,1,,1,1141人(一人当たり4㎡)
852,牧野原中学校,千葉県松戸市五香西４－３９－１,千葉県,松戸市,1,1,,1,,1,1,,1,857人(一人当たり4㎡)
853,六実小学校,千葉県松戸市六高台４－１３１,千葉県,松戸市,1,1,,1,,1,1,,1,703人(一人当たり4㎡)
854,根木内小学校,千葉県松戸市小金原２－３,千葉県,松戸市,1,1,,1,,1,1,,1,875人(一人当たり4㎡)
855,和名ヶ谷小学校,千葉県松戸市和名ケ谷1085,千葉県,松戸市,1,1,,1,,1,1,,1,850人(一人当たり4㎡)
856,根木内中学校,千葉県松戸市小金原１－３０,千葉県,松戸市,1,1,,1,,1,1,,1,792人(一人当たり4㎡)
857,貝の花小学校,千葉県松戸市小金原８－１０,千葉県,松戸市,1,1,,1,,1,1,,1,843人(一人当たり4㎡)
858,栗ヶ沢中学校,千葉県松戸市小金原９－２５,千葉県,松戸市,1,1,,1,,1,1,,1,974人(一人当たり4㎡)
859,新松戸西小学校,千葉県松戸市小金１１８０,千葉県,松戸市,1,1,,1,,1,1,,1,829人(一人当たり4㎡)
860,相模台小学校,千葉県松戸市岩瀬４３４－２,千葉県,松戸市,1,1,,1,,1,1,,1,869人(一人当たり4㎡)
861,常盤平第三小学校,千葉県松戸市常盤平西窪町２５－１,千葉県,松戸市,1,1,,1,,1,1,,1,823人(一人当たり4㎡)
862,クリーンセンター（体育館）,千葉県松戸市高柳新田３７,千葉県,松戸市,1,1,,1,,,1,,1,330人(一人当たり4㎡)
863,金ヶ作公園,千葉県松戸市常盤平３－２７,千葉県,松戸市,1,1,,1,,1,1,,,5008人(一人当たり4㎡)
864,常盤平第二小学校,千葉県松戸市常盤平４－１８,千葉県,松戸市,1,1,,1,,1,1,,1,786人(一人当たり4㎡)
865,常盤平第一小学校,千葉県松戸市常盤平７－１,千葉県,松戸市,1,1,,1,,1,1,,1,722人(一人当たり4㎡)
866,本土寺,千葉県松戸市平賀６３,千葉県,松戸市,1,1,,1,,1,1,,,4084人(一人当たり4㎡)
867,柿ノ木台公園体育館,千葉県松戸市松戸５９４－７,千葉県,松戸市,1,1,,1,,1,1,,1,413人(一人当たり4㎡)
868,東部クリーンセンター,千葉県松戸市高塚新田３５２,千葉県,松戸市,1,1,,1,,1,1,,,132人(一人当たり4㎡)
869,小金北中学校,千葉県松戸市幸田２０６,千葉県,松戸市,1,1,,1,,1,1,,1,967人(一人当たり4㎡)
870,幸谷小学校,千葉県松戸市幸谷２１２－２,千葉県,松戸市,1,1,,1,,1,1,,1,725人(一人当たり4㎡)
871,新松戸南中学校,千葉県松戸市新松戸南２－１２４,千葉県,松戸市,1,1,,1,,1,1,,1,986人(一人当たり4㎡)
872,小金中学校,千葉県松戸市新松戸北２－１６－１１,千葉県,松戸市,1,1,,1,,1,1,,1,1153人(一人当たり4㎡)
873,新松戸南小学校,千葉県松戸市新松戸６－３０１,千葉県,松戸市,1,1,,1,,1,1,,1,872人(一人当たり4㎡)
874,旭町中学校,千葉県松戸市旭町１－１５０,千葉県,松戸市,1,1,,1,,1,1,,1,752人(一人当たり4㎡)
875,旧根木内東小学校,千葉県松戸市根木内５９８,千葉県,松戸市,1,1,,1,,1,1,,,2422人(一人当たり4㎡)
876,殿平賀小学校,千葉県松戸市殿平賀３３９－１,千葉県,松戸市,1,1,,1,,1,1,,1,739人(一人当たり4㎡)
877,寒風台小学校,千葉県松戸市松戸新田３１６－２５,千葉県,松戸市,1,1,,1,,1,1,,1,705人(一人当たり4㎡)
878,小金北小学校,千葉県松戸市殿平賀２７０,千葉県,松戸市,1,1,,1,,1,1,,1,732人(一人当たり4㎡)
879,稔台小学校,千葉県松戸市稔台２－３６－１,千葉県,松戸市,1,1,,1,,1,1,,1,853人(一人当たり4㎡)
880,市立松戸高等学校,千葉県松戸市紙敷２－７－５,千葉県,松戸市,1,1,,1,,1,1,,1,1899人(一人当たり4㎡)
881,牧野原小学校,千葉県松戸市牧の原４３５－１,千葉県,松戸市,1,1,,1,,1,1,,1,1031人(一人当たり4㎡)
882,馬橋小学校,千葉県松戸市西馬橋１－１２－１,千葉県,松戸市,1,1,,1,,1,1,,1,856人(一人当たり4㎡)
883,高木小学校,千葉県松戸市金ケ作120,千葉県,松戸市,1,1,,1,,1,1,,1,729人(一人当たり4㎡)
884,金ヶ作小学校,千葉県松戸市金ケ作317,千葉県,松戸市,1,1,,1,,1,1,,1,603人(一人当たり4㎡)
885,金ヶ作中学校,千葉県松戸市金ケ作341-15,千葉県,松戸市,1,1,,1,,1,1,,1,807人(一人当たり4㎡)
886,第三中学校,千葉県松戸市馬橋２０８０,千葉県,松戸市,1,1,,1,,1,1,,1,1094人(一人当たり4㎡)
887,東松戸小学校,千葉県松戸市紙敷１－１９－１,千葉県,松戸市,1,1,,1,,1,1,,1,477人(一人当たり4㎡)
888,市民交流会館（運動施設）,千葉県松戸市新松戸5-179-1,千葉県,松戸市,,1,,1,,,1,,1,133人(一人当たり4㎡)
889,市民交流会館（文化施設）,千葉県松戸市新松戸７－１９２－１,千葉県,松戸市,,1,,1,,,1,,1,174人(一人当たり4㎡)
890,千葉県立松戸高等学校,千葉県松戸市中和倉５９０－１,千葉県,松戸市,1,1,,1,,1,1,,1,1538
891,千葉県立松戸六実高等学校,千葉県松戸市六高台５－１５０－１,千葉県,松戸市,1,1,,1,,1,1,,1,1540
892,千葉県立小金高等学校,千葉県松戸市新松戸北２－１４－１,千葉県,松戸市,1,1,,1,,1,1,,1,1378
893,千葉県立松戸国際高等学校,千葉県松戸市五香西５－６－１,千葉県,松戸市,1,1,,1,,1,1,,1,1569
894,千葉県立松戸馬橋高等学校,千葉県松戸市旭町１－７－１,千葉県,松戸市,1,1,,1,,1,1,,1,1567
895,千葉県立松戸向陽高等学校,千葉県松戸市秋山６８２,千葉県,松戸市,1,1,,1,,1,1,,1,1570
896,千葉県立松戸南高等学校,千葉県松戸市紙敷１１９９,千葉県,松戸市,1,1,,1,,1,1,,1,1653
897,野田市南部梅郷公民館,千葉県野田市山崎1154-1,千葉県,野田市,1,1,,1,,1,1,,1,169
898,野田市立関宿南部幼稚園（園庭）,千葉県野田市木間ケ瀬3197,千葉県,野田市,,,,1,,1,,,,441
899,野田市東部公民館（建物）,千葉県野田市鶴奉174-4,千葉県,野田市,1,1,,1,,1,1,,1,132
900,野田市南コミュニティセンター（建物）,千葉県野田市山崎2008,千葉県,野田市,1,,,1,,1,1,,1,451
901,野田市福田公民館（体育館）,千葉県野田市瀬戸970-1,千葉県,野田市,1,1,,1,,1,1,,1,247
902,関宿にこにこ水辺公園,千葉県野田市関宿三軒家143-1,千葉県,野田市,,,,1,,1,,,,10570
903,千葉県立関宿城博物館,千葉県野田市関宿三軒家143-4,千葉県,野田市,,,,1,,1,,,1,112
904,下納谷浅間神社,千葉県野田市関宿台町1006,千葉県,野田市,,,,1,,1,,,,913
905,野田市立関宿小学校（体育館）,千葉県野田市関宿台町171,千葉県,野田市,,,,1,,1,,,1,224
906,野田市立関宿小学校（校庭）,千葉県野田市関宿台町171,千葉県,野田市,,,,1,,1,,,1,2683
907,野田市立関宿小学校（校舎）,千葉県野田市関宿台町171,千葉県,野田市,,,,1,,1,,,1,683
908,野田市立関宿中学校（体育館）,千葉県野田市関宿台町2150,千葉県,野田市,,,,1,,1,,,1,231
909,野田市立関宿中学校（校庭）,千葉県野田市関宿台町2150,千葉県,野田市,,,,1,,1,,,1,3368
910,野田市立関宿中学校（校舎）,千葉県野田市関宿台町2150,千葉県,野田市,,,,1,,1,,,1,434
911,野田市関宿公民館,千葉県野田市関宿台町2558-1,千葉県,野田市,,1,,1,,1,,,1,103
912,関宿あおぞら広場,千葉県野田市関宿町1396,千葉県,野田市,,,,1,,1,,,,2703
913,野田市立岩名中学校（体育館）,千葉県野田市岩名1700,千葉県,野田市,,,,1,,1,,,1,261
914,野田市立岩名中学校（校庭）,千葉県野田市岩名1700,千葉県,野田市,,,,1,,1,,,1,6774
915,野田市立岩名中学校（校舎）,千葉県野田市岩名1700,千葉県,野田市,,,,1,,1,,,1,1101
916,野田市立岩木小学校（体育館）,千葉県野田市岩名2-12-1,千葉県,野田市,,,,1,,1,,,1,213
917,野田市立岩木小学校（校庭）,千葉県野田市岩名2-12-1,千葉県,野田市,,,,1,,1,,,1,3193
918,野田市立岩木小学校（校舎）,千葉県野田市岩名2-12-1,千葉県,野田市,,,,1,,1,,,1,1344
919,野田市立宮崎小学校（体育館）,千葉県野田市宮崎55,千葉県,野田市,1,,,1,,1,1,,1,168
920,野田市立宮崎小学校（校庭）,千葉県野田市宮崎55,千葉県,野田市,,,,1,,1,,,1,2747
921,野田市立宮崎小学校（校舎）,千葉県野田市宮崎55,千葉県,野田市,1,,,1,,1,1,,1,692
922,野田市立二川中学校（体育館）,千葉県野田市桐ケ作418,千葉県,野田市,,,,1,,1,,,1,159
923,野田市立二川中学校（校庭）,千葉県野田市桐ケ作418,千葉県,野田市,,,,1,,1,,,1,8057
924,野田市立二川中学校（校舎）,千葉県野田市桐ケ作418,千葉県,野田市,,,,1,,1,,,1,788
925,野田市立関宿中部幼稚園,千葉県野田市桐ケ作453-1,千葉県,野田市,,,,1,,1,,,,423
926,野田市立二川小学校（体育館）,千葉県野田市桐ケ作464,千葉県,野田市,,,,1,,1,,,1,251
927,野田市立二川小学校（校庭）,千葉県野田市桐ケ作464,千葉県,野田市,,,,1,,1,,,1,2912
928,野田市立二川小学校（校舎）,千葉県野田市桐ケ作464,千葉県,野田市,,,,1,,1,,,1,739
929,野田市二川公民館,千葉県野田市桐ケ作51-1,千葉県,野田市,,1,,1,,1,,,1,157
930,古布内浄禅寺,千葉県野田市古布内1329,千葉県,野田市,,,,1,,1,,,,4098
931,アスク古布内保育園,千葉県野田市古布内1527-13,千葉県,野田市,,,,1,,1,,,,614
932,野田市立福田第一小学校（体育館）,千葉県野田市三ツ堀1372,千葉県,野田市,1,,,1,,1,1,,1,235
933,野田市立福田第一小学校（校庭）,千葉県野田市三ツ堀1372,千葉県,野田市,,,,1,,1,,,1,2600
934,野田市立福田第一小学校（校舎）,千葉県野田市三ツ堀1372,千葉県,野田市,1,,,1,,1,1,,1,727
935,野田市立福田中学校（体育館）,千葉県野田市三ツ堀782,千葉県,野田市,1,,,1,,1,1,,1,306
936,野田市立福田中学校（校庭）,千葉県野田市三ツ堀782,千葉県,野田市,,,,1,,1,,,1,5370
937,野田市立福田中学校（校舎）,千葉県野田市三ツ堀782,千葉県,野田市,1,,,1,,1,1,,1,1180
938,野田市立南部小学校（体育館）,千葉県野田市山崎1503,千葉県,野田市,1,,,1,,1,1,,1,162
939,野田市立南部小学校（校庭）,千葉県野田市山崎1503,千葉県,野田市,,,,1,,1,,,1,2394
940,野田市立南部小学校（校舎）,千葉県野田市山崎1503,千葉県,野田市,1,,,1,,1,1,,1,1044
941,野田市南コミュニティセンター（駐車場）,千葉県野田市山崎2008,千葉県,野田市,,,,1,,1,,,1,385
942,東京理科大学（体育館）,千葉県野田市山崎2641,千葉県,野田市,1,,,1,,1,1,,1,705
943,東京理科大学（校庭）,千葉県野田市山崎2641,千葉県,野田市,,,,1,,1,,,1,151882
944,東京理科大学（校舎）,千葉県野田市山崎2641,千葉県,野田市,1,,,1,,1,1,,1,3808
945,野田市立山崎小学校（体育館）,千葉県野田市山崎2733,千葉県,野田市,1,,,1,,1,1,,1,213
946,野田市立山崎小学校（校庭）,千葉県野田市山崎2733,千葉県,野田市,,,,1,,1,,,1,6225
947,野田市立山崎小学校（校舎）,千葉県野田市山崎2733,千葉県,野田市,1,,,1,,1,1,,1,976
948,野田市立七光台小学校（体育館）,千葉県野田市七光台20-1,千葉県,野田市,1,,,1,,1,1,,1,233
949,野田市立七光台小学校（校庭）,千葉県野田市七光台20-1,千葉県,野田市,,,,1,,1,,,1,4603
950,野田市立七光台小学校（校舎）,千葉県野田市七光台20-1,千葉県,野田市,1,,,1,,1,1,,1,997
951,野田市北コミュニティセンター（駐車場）,千葉県野田市春日町16-1,千葉県,野田市,,,,1,,1,,,1,365
952,野田市北コミュニティセンター（建物）,千葉県野田市春日町16-1,千葉県,野田市,,,,1,,1,,,1,455
953,キッコーマン野球場,千葉県野田市上花輪404-1,千葉県,野田市,,,,1,,1,,,,3339
954,朝日ヶ丘公園,千葉県野田市上花輪新町3-14,千葉県,野田市,,,,1,,1,,,,910
955,野田市福田公民館（運動場）,千葉県野田市瀬戸970-1,千葉県,野田市,,,,1,,1,,,1,4303
956,野田市福田公民館（建物）,千葉県野田市瀬戸970-1,千葉県,野田市,1,1,,1,,1,1,,1,135
957,清水公園,千葉県野田市清水1005,千葉県,野田市,,,,1,,1,,,,70000
958,旧専売公社跡地,千葉県野田市清水246-1,千葉県,野田市,,,,1,,1,,,,3655
959,千葉県立清水高等学校（体育館）,千葉県野田市清水482,千葉県,野田市,,,,1,,1,,,1,300
960,千葉県立清水高等学校（校庭）,千葉県野田市清水482,千葉県,野田市,,,,1,,1,,,1,7452
961,千葉県立清水高等学校（校舎）,千葉県野田市清水482,千葉県,野田市,,,,1,,1,,,1,3114
962,野田市立清水台小学校（体育館）,千葉県野田市清水773,千葉県,野田市,,,,1,,1,,,1,200
963,野田市立清水台小学校（校庭）,千葉県野田市清水773,千葉県,野田市,,,,1,,1,,,1,8109
964,野田市立清水台小学校（校舎）,千葉県野田市清水773,千葉県,野田市,,,,1,,1,,,1,1078
965,野田市総合公園（園内）,千葉県野田市清水958,千葉県,野田市,,,,1,,1,,,1,65450
966,野田市総合公園（体育館）,千葉県野田市清水958,千葉県,野田市,,,,1,,1,,,1,1146
967,アルフレッサファーマ（株）,千葉県野田市西高野278-5,千葉県,野田市,,,,1,,1,,,1,1392
968,野田市立福田第二小学校（体育館）,千葉県野田市西三ケ尾988,千葉県,野田市,1,,,1,,1,1,,1,104
969,野田市立福田第二小学校（校庭）,千葉県野田市西三ケ尾988,千葉県,野田市,,,,1,,1,,,1,3509
970,野田市立福田第二小学校（校舎）,千葉県野田市西三ケ尾988,千葉県,野田市,1,,,1,,1,1,,1,520
971,野田市立北部小学校（体育館）,千葉県野田市谷津25-1,千葉県,野田市,,,,1,,1,,,1,159
972,野田市立北部小学校（校庭）,千葉県野田市谷津25-1,千葉県,野田市,,,,1,,1,,,1,1845
973,野田市立北部小学校（校舎）,千葉県野田市谷津25-1,千葉県,野田市,,,,1,,1,,,1,474
974,野田市北部公民館,千葉県野田市谷津384,千葉県,野田市,,1,,1,,1,,,1,131
975,野田市立北部中学校（体育館）,千葉県野田市谷津673,千葉県,野田市,1,,,1,,1,1,,1,340
976,野田市立北部中学校（校庭）,千葉県野田市谷津673,千葉県,野田市,,,,1,,1,,,1,4968
977,野田市立北部中学校（校舎）,千葉県野田市谷津673,千葉県,野田市,1,,,1,,1,1,,1,1252
978,千葉県立野田中央高等学校（体育館）,千葉県野田市谷津713,千葉県,野田市,,,,1,,1,,,1,321
979,千葉県立野田中央高等学校（校庭）,千葉県野田市谷津713,千葉県,野田市,,,,1,,1,,,1,8946
980,千葉県立野田中央高等学校（校舎）,千葉県野田市谷津713,千葉県,野田市,,,,1,,1,,,1,2273
981,野田市立第二中学校（体育館）,千葉県野田市中根139,千葉県,野田市,1,,,1,,1,1,,1,302
982,野田市立第二中学校（校庭）,千葉県野田市中根139,千葉県,野田市,,,,1,,1,,,1,5618
983,野田市立第二中学校（校舎）,千葉県野田市中根139,千葉県,野田市,1,,,1,,1,1,,1,1035
984,千葉県立野田看護専門学校（体育館）,千葉県野田市中根316-1,千葉県,野田市,1,,,1,,1,1,,1,209
985,千葉県立野田看護専門学校（敷地）,千葉県野田市中根316-1,千葉県,野田市,,,,1,,1,,,1,8120
986,千葉県立野田看護専門学校（校舎）,千葉県野田市中根316-1,千葉県,野田市,1,,,1,,1,1,,1,1351
987,野田市生涯学習センター,千葉県野田市中野台168-1,千葉県,野田市,,1,,,,,,,1,223
988,鹿島神社,千葉県野田市中野台306,千葉県,野田市,,,,1,,1,,,,1183
989,野田市立川間中学校（体育館）,千葉県野田市中里136-1,千葉県,野田市,,,,1,,1,,,1,271
990,野田市立川間中学校（校庭）,千葉県野田市中里136-1,千葉県,野田市,,,,1,,1,,,1,6863
991,野田市立川間中学校（校舎）,千葉県野田市中里136-1,千葉県,野田市,,,,1,,1,,,1,1158
992,（株）ＵＳＳ東京（駐車場）,千葉県野田市中里2144-1,千葉県,野田市,,,,1,,1,,,1,4861
993,（株）ＵＳＳ東京（建物）,千葉県野田市中里2144-1,千葉県,野田市,,,,1,,1,,,1,3423
994,野田市川間公民館,千葉県野田市中里720,千葉県,野田市,,1,,1,,1,,,1,157
995,野田市立川間小学校（体育館）,千葉県野田市中里934,千葉県,野田市,,,,1,,1,,,1,187
996,野田市立川間小学校（校庭）,千葉県野田市中里934,千葉県,野田市,,,,1,,1,,,1,4789
997,野田市立川間小学校（校舎）,千葉県野田市中里934,千葉県,野田市,,,,1,,1,,,1,747
998,野田市東部公民館（運動場）,千葉県野田市鶴奉174-4,千葉県,野田市,,,,1,,1,,,1,420
999,野田市立東部小学校（体育館）,千葉県野田市鶴奉220,千葉県,野田市,1,,,1,,1,1,,1,128
1000,野田市立東部小学校（校庭）,千葉県野田市鶴奉220,千葉県,野田市,,,,1,,1,,,1,2992
1001,野田市立東部小学校（校舎）,千葉県野田市鶴奉220,千葉県,野田市,1,,,1,,1,1,,1,865
1002,野田市中央公民館,千葉県野田市鶴奉5-1,千葉県,野田市,,1,,,,,,,1,302
1003,野田市文化センター（駐車場）,千葉県野田市鶴奉5-1,千葉県,野田市,,,,1,,1,,,1,2473
1004,野田市文化センター（建物）,千葉県野田市鶴奉5-1,千葉県,野田市,1,,,,,,1,,1,3245
1005,野田市立関宿中央小学校（体育館）,千葉県野田市東宝珠花234-1,千葉県,野田市,,,,1,,1,,,1,168
1006,野田市立関宿中央小学校（校庭）,千葉県野田市東宝珠花234-1,千葉県,野田市,,,,1,,1,,,1,3456
1007,野田市立関宿中央小学校（校舎）,千葉県野田市東宝珠花234-1,千葉県,野田市,,,,1,,1,,,1,728
1008,野田市いちいのホール（駐車場）,千葉県野田市東宝珠花237-1,千葉県,野田市,,,,1,,1,,,1,968
1009,野田市いちいのホール（建物）,千葉県野田市東宝珠花237-1,千葉県,野田市,,1,,1,,1,,,1,906
1010,野田市関宿中央公民館,千葉県野田市東宝珠花253-1,千葉県,野田市,,,,1,,1,,,1,221
1011,野田市関宿保健センター,千葉県野田市東宝珠花260-1,千葉県,野田市,,,,1,,1,,,1,541
1012,野田市立二ツ塚小学校（体育館）,千葉県野田市二ツ塚485-2,千葉県,野田市,,,,1,,1,,,1,232
1013,野田市立二ツ塚小学校（校庭）,千葉県野田市二ツ塚485-2,千葉県,野田市,,,,1,,1,,,1,5338
1014,野田市立二ツ塚小学校（校舎）,千葉県野田市二ツ塚485-2,千葉県,野田市,,,,1,,1,,,1,1032
1015,野田市立尾崎小学校（体育館）,千葉県野田市尾崎1415,千葉県,野田市,,,,1,,1,,,1,225
1016,野田市立尾崎小学校（校庭）,千葉県野田市尾崎1415,千葉県,野田市,,,,1,,1,,,1,5259
1017,野田市立尾崎小学校（校舎）,千葉県野田市尾崎1415,千葉県,野田市,,,,1,,1,,,1,929
1018,学校法人千葉武陽学園西武台千葉高等学校（体育館）,千葉県野田市尾崎2241-2,千葉県,野田市,,,,1,,1,,,1,1101
1019,学校法人千葉武陽学園西武台千葉高等学校（校庭）,千葉県野田市尾崎2241-2,千葉県,野田市,,,,1,,1,,,1,15528
1020,学校法人千葉武陽学園西武台千葉高等学校（校舎）,千葉県野田市尾崎2241-2,千葉県,野田市,,,,1,,1,,,1,1612
1021,野田市関宿総合公園（園内）,千葉県野田市平井401,千葉県,野田市,,,,1,,1,,,1,7321
1022,野田市関宿総合公園（体育館）,千葉県野田市平井401,千葉県,野田市,,,,1,,1,,,1,1178
1023,野田市木間ケ瀬公民館,千葉県野田市木間ケ瀬2935,千葉県,野田市,,1,,1,,1,,,1,189
1024,野田市立木間ケ瀬保育所,千葉県野田市木間ケ瀬3152-1,千葉県,野田市,,,,1,,1,,,,700
1025,野田市立木間ケ瀬中学校（体育館）,千葉県野田市木間ケ瀬3393-1,千葉県,野田市,,,,1,,1,,,1,158
1026,野田市立木間ケ瀬中学校（校庭）,千葉県野田市木間ケ瀬3393-1,千葉県,野田市,,,,1,,1,,,1,4785
1027,野田市立木間ケ瀬中学校（校舎）,千葉県野田市木間ケ瀬3393-1,千葉県,野田市,,,,1,,1,,,1,1079
1028,野田市立木間ケ瀬小学校（体育館）,千葉県野田市木間ケ瀬3640,千葉県,野田市,,,,1,,1,,,1,254
1029,野田市立木間ケ瀬小学校（校庭）,千葉県野田市木間ケ瀬3640,千葉県,野田市,,,,1,,1,,,1,2456
1030,野田市立木間ケ瀬小学校（校舎）,千葉県野田市木間ケ瀬3640,千葉県,野田市,,,,1,,1,,,1,789
1031,千葉県立関宿高等学校（校庭）,千葉県野田市木間ケ瀬4376,千葉県,野田市,,,,1,,1,,,1,5661
1032,千葉県立関宿高等学校（校舎）,千葉県野田市木間ケ瀬4376,千葉県,野田市,,,,1,,1,,,1,1213
1033,飯塚白山神社,千葉県野田市木間ケ瀬475,千葉県,野田市,,,,1,,1,,,,2524
1034,野田市関宿複合センター（敷地）,千葉県野田市木間ケ瀬620,千葉県,野田市,,,,1,,1,,,1,1698
1035,野田市関宿複合センター（建物）,千葉県野田市木間ケ瀬620,千葉県,野田市,,,,1,,1,,,1,247
1036,野田市立東部中学校（体育館）,千葉県野田市目吹1500,千葉県,野田市,1,,,1,,1,1,,1,159
1037,野田市立東部中学校（校庭）,千葉県野田市目吹1500,千葉県,野田市,,,,1,,1,,,1,5391
1038,野田市立東部中学校（校舎）,千葉県野田市目吹1500,千葉県,野田市,1,,,1,,1,1,,1,895
1039,野田市立中央小学校（体育館）,千葉県野田市野田611,千葉県,野田市,,,,1,,1,,,1,321
1040,野田市立中央小学校（校庭）,千葉県野田市野田611,千葉県,野田市,,,,1,,1,,,1,3210
1041,野田市立中央小学校（校舎）,千葉県野田市野田611,千葉県,野田市,,,,1,,1,,,1,1727
1042,愛宕神社,千葉県野田市野田725,千葉県,野田市,,,,1,,1,,,,3428
1043,野田市立第一中学校（体育館）,千葉県野田市野田829-1,千葉県,野田市,,,,1,,1,,,1,438
1044,野田市立第一中学校（校庭）,千葉県野田市野田829-1,千葉県,野田市,,,,1,,1,,,1,7455
1045,野田市立第一中学校（校舎）,千葉県野田市野田829-1,千葉県,野田市,,,,1,,1,,,1,1016
1046,野田市立柳沢小学校（体育館）,千葉県野田市柳沢139,千葉県,野田市,1,,,1,,1,1,,1,201
1047,野田市立柳沢小学校（校庭）,千葉県野田市柳沢139,千葉県,野田市,,,,1,,1,,,1,4067
1048,野田市立柳沢小学校（校舎）,千葉県野田市柳沢139,千葉県,野田市,1,,,1,,1,1,,1,723
1049,東葛飾教育事務所東葛飾研修所（駐車場）,千葉県野田市柳沢53,千葉県,野田市,,,,1,,1,,,1,811
1050,東葛飾教育事務所東葛飾研修所（建物）,千葉県野田市柳沢53,千葉県,野田市,1,,,,,,1,,1,504
1051,千葉県立関宿高等学校（体育館）,千葉県野田市木間ケ瀬4376,千葉県,野田市,,,,1,,1,,,1,432
1052,野田市立みずき小学校（体育館）,千葉県野田市みずき3-2-3,千葉県,野田市,,,,1,,1,,,1,309
1053,野田市立みずき小学校（校庭）,千葉県野田市みずき3-2-3,千葉県,野田市,,,,1,,1,,,1,2296
1054,野田市立みずき小学校（校舎）,千葉県野田市みずき3-2-3,千葉県,野田市,,,,1,,1,,,1,1013
1055,野田市立南部中学校（体育館）,千葉県野田市花井67,千葉県,野田市,1,,,1,,1,1,,1,339
1056,野田市立南部中学校（校庭）,千葉県野田市花井67,千葉県,野田市,,,,1,,1,,,1,7604
1057,野田市立南部中学校（校舎）,千葉県野田市花井67,千葉県,野田市,1,,,1,,1,1,,1,1390
1058,元町香取神社,千葉県野田市関宿元町88,千葉県,野田市,,,,1,,1,,,,382
1059,野田市職業訓練センター（さわやかワークのだ）,千葉県野田市中根323-3,千葉県,野田市,1,,,,,,1,,1,123
1060,木野崎農業構造改善センター,千葉県野田市木野崎891-1,千葉県,野田市,1,,,,,,1,,1,168
1061,総合市民センター,千葉県茂原市町保13-20,千葉県,茂原市,1,1,,1,1,1,1,,1,"4393
(1人2㎡)"
1062,茂原小学校,千葉県茂原市茂原614,千葉県,茂原市,1,1,,1,1,1,1,,1,"3697
(1人2㎡)"
1063,萩原小学校,千葉県茂原市萩原町1-17,千葉県,茂原市,1,1,,1,1,1,1,,1,"6783
(1人2㎡)"
1064,東部小学校,千葉県茂原市東部台1-9-1,千葉県,茂原市,1,1,,1,1,1,1,,1,"8120
(1人2㎡)"
1065,東部台文化会館,千葉県茂原市東部台1-7-15,千葉県,茂原市,1,1,,1,1,1,1,,1,"3508
(1人2㎡)"
1066,茂原市市民体育館,千葉県茂原市高師2165,千葉県,茂原市,1,1,,1,1,1,1,,1,"9183
(1人2㎡)"
1067,長生高等学校,千葉県茂原市高師286,千葉県,茂原市,1,1,,1,1,1,1,,1,"16034
(1人2㎡)"
1068,茂原高等学校,千葉県茂原市高師1300,千葉県,茂原市,1,1,,1,1,1,1,,1,"12666
(1人2㎡)"
1069,茂原公園,千葉県茂原市高師1325-1,千葉県,茂原市,1,1,,1,1,1,1,,,"80414
(1人2㎡)"
1070,萩原公園,千葉県茂原市上林173-9,千葉県,茂原市,1,1,,1,1,1,1,,,"5317
(1人2㎡)"
1071,東郷小学校,千葉県茂原市谷本142,千葉県,茂原市,1,1,,1,1,1,1,,1,"4476
(1人2㎡)"
1072,東中学校,千葉県茂原市東郷301,千葉県,茂原市,1,1,,1,1,1,1,,1,"6038
(1人2㎡)"
1073,千葉県生涯大学校外房学園,千葉県茂原市本小轡319-1,千葉県,茂原市,1,1,,1,1,1,1,,1,"1794
(1人2㎡)"
1074,東郷福祉センター,千葉県茂原市谷本1887-1,千葉県,茂原市,1,1,,1,1,1,1,,1,"1876
(1人2㎡)"
1075,富士見公園,千葉県茂原市東郷2078,千葉県,茂原市,1,1,,1,1,1,1,,,"28326
(1人2㎡)"
1076,鶴枝小学校,千葉県茂原市上永吉955,千葉県,茂原市,1,1,,1,1,1,1,,1,"3155
(1人2㎡)"
1077,南中学校,千葉県茂原市上永吉1185-2,千葉県,茂原市,1,1,,1,1,1,1,,1,"14578
(1人2㎡)"
1078,旧中の島幼稚園,千葉県茂原市下永吉1056-2,千葉県,茂原市,1,1,,1,1,1,1,,1,"1094
(1人2㎡)"
1079,中の島公園,千葉県茂原市中の島町524,千葉県,茂原市,,1,,1,1,1,,,,"3206
(1人2㎡)"
1080,道目木ポンプ場,千葉県茂原市下永吉466-5,千葉県,茂原市,,1,,1,1,1,,,,"4250
(1人2㎡)"
1081,旧二宮小学校,千葉県茂原市国府関1415-1,千葉県,茂原市,1,1,,1,1,1,1,,1,"3628
(1人2㎡)"
1082,冨士見中学校,千葉県茂原市押日1468,千葉県,茂原市,1,1,,1,1,1,1,,1,"12474
(1人2㎡)"
1083,二宮小学校（旧緑ケ丘小学校）,千葉県茂原市緑ケ丘4-38,千葉県,茂原市,1,1,,1,1,1,1,,1,"6810
(1人2㎡)"
1084,旧西陵中学校,千葉県茂原市緑ケ丘1-53,千葉県,茂原市,1,1,,1,1,1,1,,1,"7133
(1人2㎡)"
1085,長生の森公園,千葉県茂原市押日816-1,千葉県,茂原市,1,1,,1,1,1,1,,,"51000
(1人2㎡)"
1086,豊田小学校,千葉県茂原市長尾156,千葉県,茂原市,1,1,,1,1,1,1,,1,"6160
(1人2㎡)"
1087,豊田福祉センター,千葉県茂原市長尾148,千葉県,茂原市,1,1,,1,1,1,1,,1,"3878
(1人2㎡)"
1088,五郷小学校,千葉県茂原市綱島1185,千葉県,茂原市,1,1,,1,1,1,1,,1,"7003
(1人2㎡)"
1089,五郷福祉センター,千葉県茂原市綱島656,千葉県,茂原市,1,1,,1,1,1,1,,1,"2683
(1人2㎡)"
1090,本納小学校・本納中学校,千葉県茂原市本納1623,千葉県,茂原市,1,1,,1,1,1,1,,1,"10054
(1人2㎡)"
1091,本納公民館（ほのおか館）,千葉県茂原市本納1741-1,千葉県,茂原市,1,1,,1,1,1,1,,1,"909
(1人2㎡)"
1092,旧新治小学校,千葉県茂原市下太田150,千葉県,茂原市,1,1,,1,1,1,1,,1,"3128
(1人2㎡)"
1093,豊岡小学校,千葉県茂原市弓渡255,千葉県,茂原市,1,1,,1,1,1,1,,1,"7264
(1人2㎡)"
1094,豊岡福祉センター,千葉県茂原市粟生野2675-4,千葉県,茂原市,1,1,,1,1,1,1,,1,"872
(1人2㎡)"
1095,ネクスト名木小（グラウンド）,千葉県成田市名木1050,千葉県,成田市,1,1,,1,,1,1,,,
1096,下総高等学校（体育館・屋外運動場）,千葉県成田市名古屋247,千葉県,成田市,1,1,,1,,1,1,,1,378
1097,下総みどり学園（体育館・校庭）,千葉県成田市名古屋1214,千葉県,成田市,1,1,,1,,1,1,,1,298
1098,旧小御門小学校（グラウンド）,千葉県成田市名古屋1199,千葉県,成田市,1,1,,1,,1,1,,,
1099,本城小学校（体育館・校庭）,千葉県成田市本城178-1,千葉県,成田市,1,1,,1,,1,1,,1,270
1100,三里塚小学校（体育館・校庭）,千葉県成田市本三里塚153-1,千葉県,成田市,1,1,,1,,1,1,,1,269
1101,豊住小学校（体育館・校庭）,千葉県成田市北羽鳥1985-2,千葉県,成田市,1,1,,1,,1,1,,1,193
1102,豊住ふれあい健康館（体育館・グラウンド）,千葉県成田市北羽鳥1975-3,千葉県,成田市,1,1,,1,,1,1,,1,221
1103,美郷台小学校（体育館・校庭）,千葉県成田市美郷台2-19-1,千葉県,成田市,1,1,,1,,1,1,,1,310
1104,平成小学校（体育館・校庭）,千葉県成田市飯仲50-1,千葉県,成田市,1,1,,1,,1,1,,1,278
1105,久住体育館,千葉県成田市幡谷922-6,千葉県,成田市,1,1,,1,,1,1,,1,259
1106,成田中学校（体育館・校庭）,千葉県成田市土屋928-1,千葉県,成田市,1,1,,1,,1,1,,1,317
1107,成田国際文化会館,千葉県成田市土屋303,千葉県,成田市,1,1,,1,,1,1,,1,212
1108,旧津富浦小学校（体育館・グラウンド）,千葉県成田市津富浦1093,千葉県,成田市,1,1,,1,,1,1,,1,145
1109,重兵衛スポーツフィールド中台,千葉県成田市中台5-2,千葉県,成田市,1,1,,1,,1,1,,1,540
1110,中台中学校（体育館・校庭）,千葉県成田市中台4-2,千葉県,成田市,1,1,,1,,1,1,,1,317
1111,向台小学校（体育館・校庭）,千葉県成田市中台3-6,千葉県,成田市,1,1,,1,,1,1,,1,251
1112,中台小学校（体育館・校庭）,千葉県成田市中台1-4,千葉県,成田市,1,1,,1,,1,1,,1,271
1113,高岡運動施設（体育館・グラウンド）,千葉県成田市大和田151,千葉県,成田市,,,,1,,1,1,,1,165
1114,遠山中学校（体育館・校庭）,千葉県成田市大清水19,千葉県,成田市,1,1,,1,,1,1,,1,352
1115,Ｒｅａｄｙ　Ｔｏ　Ｆｌｉｇｈｔ！　ＮＡＲＩＴＡ（グラウンド）,千葉県成田市大室680,千葉県,成田市,1,1,,1,,1,1,,,
1116,公津小学校（体育館・校庭）,千葉県成田市台方851,千葉県,成田市,1,1,,1,,1,1,,1,194
1117,旧川上小学校（体育館・グラウンド）,千葉県成田市多良貝245-308,千葉県,成田市,1,1,,1,,1,1,,1,165
1118,前林運動施設（体育館・グラウンド）,千葉県成田市前林430,千葉県,成田市,1,1,,1,,1,1,,1,225
1119,中央公民館,千葉県成田市赤坂1-1-3,千葉県,成田市,1,1,,1,,1,1,,1,250
1120,中郷ふるさと交流館（体育館・運動場）,千葉県成田市赤荻1574,千葉県,成田市,1,1,,1,,1,1,,1,175
1121,成田高等学校　（講堂兼体育館、グラウンド）,千葉県成田市成田27,千葉県,成田市,,1,,1,,1,,,1,1134
1122,大栄公民館,千葉県成田市松子393,千葉県,成田市,1,1,,1,,1,1,,1,311
1123,成田西陵高等学校　（体育館・屋外運動場）,千葉県成田市松崎20,千葉県,成田市,1,1,,1,,1,1,,1,472
1124,八生小学校（体育館・校庭）,千葉県成田市松崎1468,千葉県,成田市,1,1,,1,,1,1,,1,176
1125,遠山小学校（体育館・校庭）,千葉県成田市小菅1411,千葉県,成田市,1,1,,1,,1,1,,1,180
1126,十余三運動施設（体育館・グラウンド）,千葉県成田市十余三27-3,千葉県,成田市,1,1,,1,,1,1,,1,196
1127,旧桜田小学校（体育館・グラウンド）,千葉県成田市桜田941,千葉県,成田市,1,1,,1,,1,1,,1,228
1128,下総運動公園（野球場・運動広場）,千葉県成田市高岡1435,千葉県,成田市,1,1,,1,,1,1,,1,
1129,下総公民館,千葉県成田市高岡1435,千葉県,成田市,1,1,,1,,1,1,,1,262
1130,成田小学校（体育館・校庭）,千葉県成田市幸町948-1,千葉県,成田市,1,1,,1,,1,1,,1,492
1131,公津の杜中学校（体育館・校庭）,千葉県成田市公津の杜5-29,千葉県,成田市,1,1,,1,,1,1,,1,380
1132,公津の杜小学校（体育館・校庭）,千葉県成田市公津の杜3-2,千葉県,成田市,1,1,,1,,1,1,,1,226
1133,吾妻小学校（体育館・校庭）,千葉県成田市吾妻2-6,千葉県,成田市,1,1,,1,,1,1,,1,314
1134,吾妻中学校（体育館・校庭）,千葉県成田市吾妻1-24,千葉県,成田市,1,1,,1,,1,1,,1,317
1135,神宮寺小学校（体育館・校庭）,千葉県成田市玉造5-28,千葉県,成田市,1,1,,1,,1,1,,1,275
1136,成田北高等学校（体育館・屋外運動場）,千葉県成田市玉造5-1,千葉県,成田市,1,1,,1,,1,1,,1,404
1137,玉造中学校（体育館・校庭）,千葉県成田市玉造3-7,千葉県,成田市,1,1,,1,,1,1,,1,306
1138,玉造小学校（体育館・校庭）,千葉県成田市玉造3-4,千葉県,成田市,1,1,,1,,1,1,,1,271
1139,橋賀台小学校（体育館・校庭）,千葉県成田市橋賀台3-4,千葉県,成田市,1,1,,1,,1,1,,1,263
1140,久住小学校（体育館・校庭）,千葉県成田市久住中央3-12-1,千葉県,成田市,1,1,,1,,1,1,,1,185
1141,久住中学校（体育館・校庭）,千葉県成田市久住中央2-1,千葉県,成田市,1,1,,1,,1,1,,1,324
1142,滑河運動施設（体育館・グラウンド）,千葉県成田市滑川1142,千葉県,成田市,,1,,1,,1,1,,1,165
1143,加良部小学校（体育館・校庭）,千葉県成田市加良部6-8,千葉県,成田市,1,1,,1,,1,1,,1,265
1144,西中学校（体育館・校庭）,千葉県成田市加良部5-11,千葉県,成田市,1,1,,1,,1,1,,1,378
1145,新山小学校（体育館・校庭）,千葉県成田市加良部4-23,千葉県,成田市,1,1,,1,,1,1,,1,269
1146,成田国際高等学校　（体育館・屋外運動場）,千葉県成田市加良部3-16,千葉県,成田市,1,1,,1,,1,1,,1,460
1147,大栄Ｂ＆Ｇ海洋センター,千葉県成田市一坪田388,千葉県,成田市,1,1,,1,,1,1,,1,322
1148,大須賀運動施設（体育館・グラウンド）,千葉県成田市伊能547,千葉県,成田市,1,,,1,,1,1,,1,145
1149,大栄みらい学園（体育館・校庭）,千葉県成田市伊能125,千葉県,成田市,1,1,,1,,1,1,,1,416
1150,印東体育館,千葉県成田市船形186-2,千葉県,成田市,,1,,1,,1,1,,1,248
1151,佐倉市立馬渡保育園　園庭,千葉県佐倉市馬渡８１８－２,千葉県,佐倉市,1,1,,1,,1,1,,,"１６２人
（算定基準）３㎡あたり１人"
1152,佐倉市立佐倉小学校　校庭,千葉県佐倉市新町78-4,千葉県,佐倉市,1,1,,1,,1,1,,,"２，９１６人
（算定基準）３㎡あたり１人"
1153,佐倉市立佐倉東小学校　校庭,千葉県佐倉市将門町７,千葉県,佐倉市,1,1,,1,,1,1,,,"２，２２０人
（算定基準）３㎡あたり１人"
1154,佐倉市立内郷小学校　校庭,千葉県佐倉市岩名８７０,千葉県,佐倉市,1,1,,1,,1,1,,,"３，４０８人
（算定基準）３㎡あたり１人"
1155,佐倉市立佐倉中学校　校庭,千葉県佐倉市城内町１１７－１０,千葉県,佐倉市,1,1,,1,,1,1,,,"５，２４２人
（算定基準）３㎡あたり１人"
1156,佐倉市立佐倉東中学校　校庭,千葉県佐倉市高岡４２３－１,千葉県,佐倉市,1,1,,1,,1,1,,,"４，６４４人
（算定基準）３㎡あたり１人"
1157,佐倉市立根郷小学校　校庭,千葉県佐倉市城４５４,千葉県,佐倉市,1,1,,1,,1,1,,,"３，１１７人
（算定基準）３㎡あたり１人"
1158,佐倉市立山王小学校　校庭,千葉県佐倉市山王１－４４,千葉県,佐倉市,1,1,,1,,1,1,,,"４，１７２人
（算定基準）３㎡あたり１人"
1159,佐倉市立寺崎小学校　校庭,千葉県佐倉市大崎台４－４－１,千葉県,佐倉市,1,1,,1,,1,1,,,"４，４４０人
（算定基準）３㎡あたり１人"
1160,佐倉市立南部中学校　校庭,千葉県佐倉市神門４３２－１,千葉県,佐倉市,1,1,,1,,1,1,,,"１１，３７３人
（算定基準）３㎡あたり１人"
1161,佐倉市立根郷中学校　校庭,千葉県佐倉市山王２－３７－１,千葉県,佐倉市,1,1,,1,,1,1,,,"４，６２９人
（算定基準）３㎡あたり１人"
1162,佐倉市立臼井小学校　校庭,千葉県佐倉市臼井田２３９５,千葉県,佐倉市,,1,,1,,1,1,,,"４，８５４人
（算定基準）３㎡あたり１人"
1163,佐倉市立王子台小学校　校庭,千葉県佐倉市王子台５－１９,千葉県,佐倉市,1,1,,1,,1,1,,,"３，１１７人
（算定基準）３㎡あたり１人"
1164,佐倉市立間野台小学校　校庭,千葉県佐倉市王子台２－１８,千葉県,佐倉市,1,1,,1,,1,1,,,"３，１４０人
（算定基準）３㎡あたり１人"
1165,佐倉市立印南小学校　校庭,千葉県佐倉市印南２２３－１,千葉県,佐倉市,1,1,,1,,1,1,,,"３，７６５人
（算定基準）３㎡あたり１人"
1166,佐倉市立千代田小学校　校庭,千葉県佐倉市吉見５５３,千葉県,佐倉市,1,1,,1,,1,1,,,"３，２２０人
（算定基準）３㎡あたり１人"
1167,佐倉市立臼井中学校　校庭,千葉県佐倉市臼井１５３０,千葉県,佐倉市,1,1,,1,,1,1,,,"４，１９７人
（算定基準）３㎡あたり１人"
1168,佐倉市立臼井西中学校　校庭,千葉県佐倉市臼井台１５８８,千葉県,佐倉市,1,1,,1,,1,1,,,"９，３９６人
（算定基準）３㎡あたり１人"
1169,佐倉市立臼井南中学校　校庭,千葉県佐倉市染井野４－１,千葉県,佐倉市,1,1,,1,,1,1,,,"６，０３９人
（算定基準）３㎡あたり１人"
1170,佐倉市立志津小学校　校庭,千葉県佐倉市上座１１５６－２,千葉県,佐倉市,1,1,,1,,1,1,,,"３，７５７人
（算定基準）３㎡あたり１人"
1171,佐倉市立上志津小学校　校庭,千葉県佐倉市上志津１７５２,千葉県,佐倉市,1,1,,1,,1,1,,,"２，６０８人
（算定基準）３㎡あたり１人"
1172,佐倉市立下志津小学校　校庭,千葉県佐倉市中志津４－２６－１０,千葉県,佐倉市,1,1,,1,,1,1,,,"３，４２３人
（算定基準）３㎡あたり１人"
1173,佐倉市立南志津小学校　校庭,千葉県佐倉市下志津原１６４番地２,千葉県,佐倉市,1,1,,1,,1,1,,,"３，３２５人
（算定基準）３㎡あたり１人"
1174,佐倉市立西志津小学校　校庭,千葉県佐倉市西志津７－２－１,千葉県,佐倉市,1,1,,1,,1,1,,,"４，３５６人
（算定基準）３㎡あたり１人"
1175,佐倉市立井野小学校　校庭,千葉県佐倉市西ユーカリが丘３－１－６,千葉県,佐倉市,1,1,,1,,1,1,,,"８，８８６人
（算定基準）３㎡あたり１人"
1176,佐倉市立青菅小学校　校庭,千葉県佐倉市宮ノ台１－１７－１,千葉県,佐倉市,1,1,,1,,1,1,,,"５，６７３人
（算定基準）３㎡あたり１人"
1177,佐倉市立小竹小学校　校庭,千葉県佐倉市ユーカリが丘５－５－１,千葉県,佐倉市,1,1,,1,,1,1,,,"３，９４０人
（算定基準）３㎡あたり１人"
1178,佐倉市立志津中学校　校庭,千葉県佐倉市井野１３７６,千葉県,佐倉市,1,1,,1,,1,1,,,"４，４４４人
（算定基準）３㎡あたり１人"
1179,佐倉市立上志津中学校　校庭,千葉県佐倉市上志津８６６,千葉県,佐倉市,1,1,,1,,1,1,,,"４，１９０人
（算定基準）３㎡あたり１人"
1180,佐倉市立井野中学校　校庭,千葉県佐倉市宮ノ台３－９－１,千葉県,佐倉市,1,1,,1,,1,1,,,"８，３３０人
（算定基準）３㎡あたり１人"
1181,佐倉市立西志津中学校　校庭,千葉県佐倉市西志津４－１８－１,千葉県,佐倉市,1,1,,1,,1,1,,,"４，２９８人
（算定基準）３㎡あたり１人"
1182,佐倉市立和田小学校　校庭,千葉県佐倉市直弥５９－１,千葉県,佐倉市,1,1,,1,,1,1,,,"３，３６４人
（算定基準）３㎡あたり１人"
1183,佐倉市立弥富小学校　校庭,千葉県佐倉市岩富町１４５,千葉県,佐倉市,1,1,,1,,1,1,,,"３，１５０人
（算定基準）３㎡あたり１人"
1184,佐倉市立白銀小学校　校庭,千葉県佐倉市白銀１－４,千葉県,佐倉市,1,1,,1,,1,1,,,"３，６４０人
（算定基準）３㎡あたり１人"
1185,佐倉市立染井野小学校　校庭,千葉県佐倉市染井野１－１９,千葉県,佐倉市,1,1,,1,,1,1,,,"５，１３９人
（算定基準）３㎡あたり１人"
1186,千葉県立佐倉高等学校　校庭,千葉県佐倉市鍋山町１８,千葉県,佐倉市,1,1,,1,,1,1,,,"９，１６９人
（算定基準）３㎡あたり１人"
1187,千葉県立佐倉東高等学校　校庭,千葉県佐倉市城内町２７８,千葉県,佐倉市,1,1,,1,,1,1,,,"５，２４１人
（算定基準）３㎡あたり１人"
1188,千葉県立佐倉西高等学校　校庭,千葉県佐倉市下志津２６３,千葉県,佐倉市,1,1,,1,,1,1,,,"６，９８２人
（算定基準）３㎡あたり１人"
1189,千葉県立佐倉南高等学校　校庭,千葉県佐倉市太田１９５６,千葉県,佐倉市,1,1,,1,,1,1,,,"７，６９３人
（算定基準）３㎡あたり１人"
1190,谷児童公園,千葉県東金市東金１４３５－１,千葉県,東金市,1,1,,1,1,1,1,,,"1260
(敷地全体面積の60％を使用可とし、１人あたり2㎡で計算)"
1191,東金西公園,千葉県東金市東上宿４,千葉県,東金市,1,1,,1,1,1,1,,,"600
(敷地全体面積の60％を使用可とし、１人あたり2㎡で計算)"
1192,東金南公園,千葉県東金市東上宿２２,千葉県,東金市,1,1,,1,1,1,1,,,"780
(敷地全体面積の60％を使用可とし、１人あたり2㎡で計算)"
1193,阿部倉下公園,千葉県東金市南上宿３５,千葉県,東金市,1,1,,1,1,1,1,,,"1950
(敷地全体面積の60％を使用可とし、１人あたり2㎡で計算)"
1194,東金中央公園,千葉県東金市東岩崎１－２１,千葉県,東金市,1,1,,1,1,1,1,,,"1920
(敷地全体面積の60％を使用可とし、１人あたり2㎡で計算)"
1195,東岩崎緑地,千葉県東金市東岩崎１－１０,千葉県,東金市,1,1,,1,1,1,1,,,"170
(敷地全体面積の60％を使用可とし、１人あたり2㎡で計算)"
1196,東金東公園,千葉県東金市東新宿１６,千葉県,東金市,1,1,,1,1,1,1,,,"600
(敷地全体面積の60％を使用可とし、１人あたり2㎡で計算)"
1197,東金北公園,千葉県東金市東新宿３,千葉県,東金市,1,1,,1,1,1,1,,,"600
(敷地全体面積の60％を使用可とし、１人あたり2㎡で計算)"
1198,城山公園,千葉県東金市田間２０６４－４０,千葉県,東金市,1,1,,1,1,1,1,,,"510
(敷地全体面積の60％を使用可とし、１人あたり2㎡で計算)"
1199,丸山公園,千葉県東金市日吉台４－７７２－５,千葉県,東金市,1,1,,1,1,1,1,,,"10200
(敷地全体面積の60％を使用可とし、１人あたり2㎡で計算)"
1200,木戸公園,千葉県東金市日吉台６－２４,千葉県,東金市,1,1,,1,1,1,1,,,"990
(敷地全体面積の60％を使用可とし、１人あたり2㎡で計算)"
1201,黒田公園,千葉県東金市日吉台７－１５,千葉県,東金市,1,1,,1,1,1,1,,,"750
(敷地全体面積の60％を使用可とし、１人あたり2㎡で計算)"
1202,求名第１公園,千葉県東金市道庭９８７－１,千葉県,東金市,,1,,1,1,1,1,,,"450
(敷地全体面積の60％を使用可とし、１人あたり2㎡で計算)"
1203,求名第２公園,千葉県東金市求名３７－４,千葉県,東金市,,1,,1,1,1,1,,,"510
(敷地全体面積の60％を使用可とし、１人あたり2㎡で計算)"
1204,求名第３公園,千葉県東金市求名１６－６７,千葉県,東金市,1,1,,1,1,1,1,,,"150
(敷地全体面積の60％を使用可とし、１人あたり2㎡で計算)"
1205,求名第４公園,千葉県東金市道庭９８７－１２８,千葉県,東金市,1,1,,1,1,1,1,,,"330
(敷地全体面積の60％を使用可とし、１人あたり2㎡で計算)"
1206,求名第５公園,千葉県東金市求名２－４４,千葉県,東金市,1,1,,1,1,1,1,,,"600
(敷地全体面積の60％を使用可とし、１人あたり2㎡で計算)"
1207,求名第６公園,千葉県東金市道庭１１９３－５,千葉県,東金市,1,1,,1,1,1,1,,,"390
(敷地全体面積の60％を使用可とし、１人あたり2㎡で計算)"
1208,求名第７公園,千葉県東金市道庭１１９３－９９,千葉県,東金市,,1,,1,1,1,1,,,"390
(敷地全体面積の60％を使用可とし、１人あたり2㎡で計算)"
1209,福俵駅前東公園,千葉県東金市西福俵１６－１,千葉県,東金市,1,1,,1,1,1,1,,,"1110
(敷地全体面積の60％を使用可とし、１人あたり2㎡で計算)"
1210,福俵駅前西公園,千葉県東金市西福俵６７,千葉県,東金市,1,1,,1,1,1,1,,,"1290
(敷地全体面積の60％を使用可とし、１人あたり2㎡で計算)"
1211,さくら公園,千葉県東金市季美の森東１－１５－８,千葉県,東金市,1,1,,1,1,1,1,,,"3000
(敷地全体面積の60％を使用可とし、１人あたり2㎡で計算)"
1212,ひすい公園,千葉県東金市季美の森東１－６－９,千葉県,東金市,1,1,,1,1,1,1,,,"660
(敷地全体面積の60％を使用可とし、１人あたり2㎡で計算)"
1213,木島下公園,千葉県東金市南上宿５,千葉県,東金市,1,1,,1,1,1,1,,,"510
(敷地全体面積の60％を使用可とし、１人あたり2㎡で計算)"
1214,末無公園,千葉県東金市田間１－９,千葉県,東金市,1,1,,1,1,1,1,,,"690
(敷地全体面積の60％を使用可とし、１人あたり2㎡で計算)"
1215,新町公園,千葉県東金市田間２－６,千葉県,東金市,1,1,,1,1,1,1,,,"600
(敷地全体面積の60％を使用可とし、１人あたり2㎡で計算)"
1216,花輪公園,千葉県東金市日吉台２－１０,千葉県,東金市,1,1,,1,1,1,1,,,"600
(敷地全体面積の60％を使用可とし、１人あたり2㎡で計算)"
1217,松葉公園,千葉県東金市日吉台５－１９－６,千葉県,東金市,1,1,,1,1,1,1,,,"630
(敷地全体面積の60％を使用可とし、１人あたり2㎡で計算)"
1218,手矢公園,千葉県東金市日吉台２－３,千葉県,東金市,1,1,,1,1,1,1,,,"510
(敷地全体面積の60％を使用可とし、１人あたり2㎡で計算)"
1219,倉の内公園,千葉県東金市田間３－４４,千葉県,東金市,1,1,,1,1,1,1,,,"720
(敷地全体面積の60％を使用可とし、１人あたり2㎡で計算)"
1220,田間中央公園,千葉県東金市田間３－８,千葉県,東金市,1,1,,1,1,1,1,,,"3000
(敷地全体面積の60％を使用可とし、１人あたり2㎡で計算)"
1221,道祖神公園,千葉県東金市日吉台３－９６２－７４,千葉県,東金市,1,1,,1,1,1,1,,,"750
(敷地全体面積の60％を使用可とし、１人あたり2㎡で計算)"
1222,谷台公園,千葉県東金市日吉台１－３４９－１８,千葉県,東金市,1,1,,1,1,1,1,,,"560
(敷地全体面積の60％を使用可とし、１人あたり2㎡で計算)"
1223,上宿三角公園,千葉県東金市東金２０２－５,千葉県,東金市,1,1,,1,1,1,1,,,"180
(敷地全体面積の60％を使用可とし、１人あたり2㎡で計算)"
1224,宮之下公園,千葉県東金市田間２－４７,千葉県,東金市,1,1,,1,1,1,1,,,"720
(敷地全体面積の60％を使用可とし、１人あたり2㎡で計算)"
1225,宇治公園,千葉県東金市日吉台７－２－２２,千葉県,東金市,1,1,,1,1,1,1,,,"420
(敷地全体面積の60％を使用可とし、１人あたり2㎡で計算)"
1226,わかば公園,千葉県東金市季美の森東２－５９０－４,千葉県,東金市,1,1,,1,1,1,1,,,"600
(敷地全体面積の60％を使用可とし、１人あたり2㎡で計算)"
1227,東金中央コミュニティセンター,千葉県東金市東岩崎１－２０,千葉県,東金市,1,1,,1,1,1,1,,1,"570
(敷地全体面積の60％を使用可とし、１人あたり2㎡で計算)"
1228,東金市立東小学校,千葉県東金市田間１１８８－２,千葉県,東金市,,1,,1,1,1,1,,1,"2348
（敷地面積の60％を使用可能とし、1人あたり2㎡で積算）"
1229,東金市立鴇嶺小学校,千葉県東金市東岩崎２４－１,千葉県,東金市,1,1,,1,1,1,1,,1,"2814
（敷地面積の60％を使用可能とし、1人あたり2㎡で積算）"
1230,東金市立城西小学校,千葉県東金市台方７４－２,千葉県,東金市,1,1,,1,1,1,1,,1,"4434
（敷地面積の60％を使用可能とし、1人あたり2㎡で積算）"
1231,東金市立丘山小学校,千葉県東金市丹尾４－２,千葉県,東金市,,1,,1,1,1,1,,1,"2850
（敷地面積の60％を使用可能とし、1人あたり2㎡で積算）"
1232,東金市立正気小学校,千葉県東金市家徳３４－１,千葉県,東金市,1,1,,1,1,1,1,,1,"3282
（敷地面積の60％を使用可能とし、1人あたり2㎡で積算）"
1233,東金市立豊成小学校,千葉県東金市関内５５０－１,千葉県,東金市,1,1,,1,1,1,1,,1,"2545
（敷地面積の60％を使用可能とし、1人あたり2㎡で積算）"
1234,東金市立福岡小学校,千葉県東金市砂古瀬４２２－１,千葉県,東金市,,1,,1,1,1,1,,1,"4147
（敷地面積の60％を使用可能とし、1人あたり2㎡で積算）"
1235,東金市立日吉台小学校,千葉県東金市日吉台２－３２－１,千葉県,東金市,1,1,,1,1,1,1,,1,"4716
（敷地面積の60％を使用可能とし、1人あたり2㎡で積算）"
1236,旧東金市立源小学校,千葉県東金市上布田３８５,千葉県,東金市,1,,,1,1,1,1,,1,"3471
（敷地面積の60％を使用可能とし、1人あたり2㎡で積算）"
1237,東金市立東金中学校,千葉県東金市堀上１１１,千葉県,東金市,1,1,,1,1,1,1,,1,"9448
(敷地全体面積の60％を使用可とし、１人あたり2㎡で計算)"
1238,東金市立東中学校,千葉県東金市田間９５３－１,千葉県,東金市,,1,,1,1,1,1,,1,"7161
(敷地全体面積の60％を使用可とし、１人あたり2㎡で計算)"
1239,東金市立西中学校,千葉県東金市台方１３２７－１,千葉県,東金市,1,1,,1,1,1,1,,1,"6676
(敷地全体面積の60％を使用可とし、１人あたり2㎡で計算)"
1240,東金市立北中学校,千葉県東金市日吉台１－２０,千葉県,東金市,1,1,,1,1,1,1,,1,"4357
(敷地全体面積の60％を使用可とし、１人あたり2㎡で計算)"
1241,東金文化会館,千葉県東金市八坂台１－２１０７－３,千葉県,東金市,1,1,,1,1,1,1,,1,"3702
(敷地全体面積の60％を使用可とし、１人あたり2㎡で計算)"
1242,東金アリーナ,千葉県東金市堀上１３６１－１,千葉県,東金市,,1,,1,1,1,1,,1,"14038
(敷地全体面積の60％を使用可とし、１人あたり2㎡で計算)"
1243,千葉県立東金高等学校,千葉県東金市東金１４１０,千葉県,東金市,1,,,1,1,1,1,,1,"2513
（敷地面積の60％を使用可能とし、１人あたり2㎡で積算）"
1244,千葉県立東金商業高等学校,千葉県東金市松之郷１６４１－１,千葉県,東金市,1,,,1,1,1,1,,1,"6231
（敷地面積の60％を使用可能とし、１人あたり2㎡で積算）"
1245,千葉県立東金青少年自然の家,千葉県東金市松之郷２７０,千葉県,東金市,1,1,,1,1,1,1,,1,"1800
（敷地面積の60％を使用可能とし、１人あたり2㎡で積算）"
1246,千葉県立東金高等技術専門校,千葉県東金市油井１０６１－６,千葉県,東金市,1,1,,1,1,1,1,,1,"1130
（敷地面積の60％を使用可能とし、１人あたり2㎡で積算）"
1247,千葉県立東金特別支援学校,千葉県東金市北之幸谷５０２,千葉県,東金市,1,1,,1,1,1,1,,1,"3258
（敷地面積の60％を使用可能とし、１人あたり2㎡で積算）"
1248,神ノ山公園,千葉県東金市八坂台４－２－１３,千葉県,東金市,1,1,,1,1,1,1,,,"600
(敷地全体面積の60％を使用可とし、１人あたり2㎡で計算)"
1249,東金青年の森公園,千葉県東金市松之郷１８６,千葉県,東金市,1,1,,1,1,1,1,,,"10326
(敷地全体面積の60％を使用可とし、１人あたり2㎡で計算)"
1250,家徳スポーツ広場,千葉県東金市家徳２６０－１,千葉県,東金市,,1,,1,1,1,1,,,"5598
(敷地全体面積の60％を使用可とし、１人あたり2㎡で計算)"
1251,中山公園,千葉県東金市八坂台４－１－１８,千葉県,東金市,1,1,,1,1,1,1,,,"420
(敷地全体面積の60％を使用可とし、１人あたり2㎡で計算)"
1252,大関公園,千葉県東金市油井１５１－９,千葉県,東金市,1,1,,1,1,1,1,,,"960
(敷地全体面積の60％を使用可とし、１人あたり2㎡で計算)"
1253,吹上公園,千葉県東金市油井１６８－１５６,千葉県,東金市,1,1,,1,1,1,1,,,"540
(敷地全体面積の60％を使用可とし、１人あたり2㎡で計算)"
1254,深山公園,千葉県東金市油井１８８－１,千葉県,東金市,1,1,,1,1,1,1,,,"450
(敷地全体面積の60％を使用可とし、１人あたり2㎡で計算)"
1255,千葉学芸高等学校,千葉県東金市田間１９９９,千葉県,東金市,1,,,1,1,1,1,,1,"1100
(敷地全体面積の60％を使用可とし、１人あたり3㎡で計算)"
1256,海上コミュニティ運動公園,千葉県旭市高生7,千葉県,旭市,,,,1,,1,,,,16700
1257,萬歳小学校,千葉県旭市萬歳惣堀番外1,千葉県,旭市,,,,1,,,,,1,387
1258,コミュニティセンター,千葉県旭市萬力2231,千葉県,旭市,,1,,1,,,,,1,35
1259,萬歳地区多目的研修センター,千葉県旭市櫻井123-1,千葉県,旭市,1,1,,1,,,,,1,39
1260,下永井団地（市営住宅）,千葉県旭市飯岡3491,千葉県,旭市,,,,,1,,,,,80
1261,飯岡小学校,千葉県旭市飯岡2020-1,千葉県,旭市,1,1,1,1,,,,,1,507
1262,塙新町区民館,千葉県旭市塙2745,千葉県,旭市,,,,1,,,,,1,10
1263,いいおか潮騒ホテル,千葉県旭市萩園1437,千葉県,旭市,,,,,1,,,,,600
1264,双葉団地Ａ（市営住宅）,千葉県旭市萩園1243-7,千葉県,旭市,,,,,1,,,,,120
1265,ふれあいセンター,千葉県旭市入野1355-1,千葉県,旭市,,1,,1,,,,,1,35
1266,ひかた市民センター,千葉県旭市南堀之内10,千葉県,旭市,1,1,,1,,,,,1,96
1267,古城小学校,千葉県旭市鏑木2699,千葉県,旭市,,,,1,,,,,1,426
1268,矢指小学校,千葉県旭市椎名内1278,千葉県,旭市,,,1,1,,,,,1,582
1269,富浦小学校,千葉県旭市中谷里3383-2,千葉県,旭市,,,1,1,,,,,1,410
1270,西足洗農村広場,千葉県旭市西足洗3577,千葉県,旭市,,,,1,,,,,,600
1271,滝郷小学校,千葉県旭市清滝821,千葉県,旭市,1,1,,1,,,,,1,353
1272,亀の井ホテル九十九里,千葉県旭市仁玉2280-1,千葉県,旭市,,,,,1,,,,,100
1273,鶴巻小学校,千葉県旭市蛇園5533,千葉県,旭市,,,,1,,,,,1,367
1274,三川小学校,千葉県旭市三川4643,千葉県,旭市,1,1,1,1,,,,,1,474
1275,海上中学校,千葉県旭市高生77,千葉県,旭市,1,1,,1,,,,,1,728
1276,嚶鳴小学校,千葉県旭市高生3610,千葉県,旭市,1,1,,1,,,,,1,444
1277,海上公民館,千葉県旭市高生1,千葉県,旭市,1,1,,1,1,,,,1,166
1278,海上キャンプ場体育館,千葉県旭市岩井1000,千葉県,旭市,,,,1,,,,,1,407
1279,飯岡中学校,千葉県旭市横根3746,千葉県,旭市,1,1,,1,,,,,1,499
1280,飯岡福祉センター（旭市保健センター）,千葉県旭市横根3520,千葉県,旭市,1,1,,1,,,,,1,238
1281,西宮公園（中央児童遊園）,千葉県旭市ロ1426,千葉県,旭市,,,,1,,,,,,800
1282,第一中学校,千葉県旭市ハ2304,千葉県,旭市,1,1,,1,1,,,,1,720
1283,総合体育館,千葉県旭市ニ5491,千葉県,旭市,1,1,,1,,,,,1,588
1284,あさひ市民センター,千葉県旭市ニ2787-1,千葉県,旭市,,,,1,,,,,,400
1285,第二中学校,千葉県旭市ニ2510-1,千葉県,旭市,1,1,,1,1,,,,1,1000
1286,旭中央病院附属看護専門学校,千葉県旭市イ1182,千葉県,旭市,,,,,1,,,,,800
1287,滝のさと自然公園,千葉県旭市岩井1000,千葉県,旭市,,,,1,,1,,,1,9900
1288,岩井北部青年館,千葉県旭市岩井1328-1,千葉県,旭市,,,,1,,,,,,25
1289,幾世集会所,千葉県旭市幾世489,千葉県,旭市,,,,1,,,,,,35
1290,琴田小学校,千葉県旭市琴田2864-1,千葉県,旭市,,,,1,,,,,1,301
1291,海上中央公園,千葉県旭市後草2233,千葉県,旭市,,,,1,,,,,,2180
1292,池の端保育所,千葉県旭市江ケ崎1057,千葉県,旭市,,,,1,,,,,,1500
1293,東六区集会所,千葉県旭市溝原523-2,千葉県,旭市,,,,1,,,,,,50
1294,干潟小学校,千葉県旭市鎌数9508,千葉県,旭市,,,,1,,,,,1,441
1295,日清紡　旭テストコース,千葉県旭市鎌数9163-13,千葉県,旭市,,,,1,,1,,,,75100
1296,三川ふれあい公園,千葉県旭市三川3719-4,千葉県,旭市,,,,1,,1,,,,3400
1297,三川小学校特別教室棟２階以上,千葉県旭市三川4643,千葉県,旭市,,,,,1,,,,1,1000
1298,東総工業高等学校,千葉県旭市鎌数5146,千葉県,旭市,,,,1,,,,,,7700
1299,三川避難タワー,千葉県旭市三川5885-2,千葉県,旭市,,,,,1,,,,,100
1300,海上野球場,千葉県旭市蛇園2464,千葉県,旭市,,,,1,,,,,,4100
1301,蛇園区民館,千葉県旭市蛇園3203-1,千葉県,旭市,,,,1,,,,,,55
1302,袋公園,千葉県旭市鎌数4013,千葉県,旭市,,,,1,,1,,,,6900
1303,上永井集落センター,千葉県旭市上永井1097,千葉県,旭市,,,,1,,,,,,20
1304,上永井公園,千葉県旭市上永井1309-1,千葉県,旭市,,,,,1,,,,,200
1305,共和小学校,千葉県旭市新町771,千葉県,旭市,,,,1,,,,,1,366
1306,富浦避難タワー,千葉県旭市神宮寺1797-5,千葉県,旭市,,,,,1,,,,,100
1307,仁玉スポーツ広場,千葉県旭市仁玉2098-1,千葉県,旭市,,,,1,,,,,,2000
1308,飯岡中学校校舎屋上,千葉県旭市横根3746,千葉県,旭市,,,,,1,,,,1,1500
1309,県総合スポーツセンター東総運動場,千葉県旭市清和乙621,千葉県,旭市,,,,1,,1,,,,12700
1310,熊野神社,千葉県旭市清和乙714,千葉県,旭市,,,,1,,,,,,50
1311,いいおかふれあいスポーツ公園,千葉県旭市横根3550,千葉県,旭市,,,,1,,1,,,,4700
1312,大間手青年館,千葉県旭市大間手156,千葉県,旭市,,,,1,,,,,,25
1313,富浦小学校校舎２階以上,千葉県旭市中谷里3383-2,千葉県,旭市,,,,,1,,,,1,1050
1314,豊畑小学校,千葉県旭市井戸野2738,千葉県,旭市,,,,1,1,,,,1,418
1315,矢指避難タワー,千葉県旭市椎名内1173-2,千葉県,旭市,,,,,1,,,,,100
1316,矢指小学校体育館２階,千葉県旭市椎名内1278,千葉県,旭市,,,,,1,,,,1,120
1317,日の出山公園,千葉県旭市椎名内3881,千葉県,旭市,,,,,1,,,,,500
1318,旭農業高等学校,千葉県旭市ロ1,千葉県,旭市,,,,1,,,,,,5900
1319,妙経寺,千葉県旭市鏑木912,千葉県,旭市,,,,1,,,,,,30
1320,中央小学校,千葉県旭市ハ74,千葉県,旭市,,,,1,1,,,,1,876
1321,旭文化の杜公園,千葉県旭市ハ250-1,千葉県,旭市,,,,1,,1,,,,1800
1322,干潟中学校,千葉県旭市入野2170,千葉県,旭市,,,,1,,,,,1,566
1323,旭スポーツの森公園,千葉県旭市ニ5491,千葉県,旭市,,,,1,,1,,,1,16600
1324,いいおか保育所,千葉県旭市萩園1752-1,千葉県,旭市,,,,,1,,,,,300
1325,塙農村協同館,千葉県旭市塙1399,千葉県,旭市,,,,1,,,,,,30
1326,飯岡小学校本校舎３階以上,千葉県旭市飯岡2020-1,千葉県,旭市,,,,,1,,,,1,1400
1327,道の駅「季楽里あさひ」,千葉県旭市イ5238,千葉県,旭市,,,,1,,,,,,2900
1328,ひかり保育園,千葉県旭市飯岡2115-2,千葉県,旭市,,,,1,,,,,,160
1329,飯岡避難タワー,千葉県旭市飯岡2164-1,千葉県,旭市,,,,,1,,,,,100
1330,まんざい保育所,千葉県旭市萬歳356,千葉県,旭市,,,,1,,,,,,200
1331,中央第三保育所,千葉県旭市イ1835,千葉県,旭市,,,,1,,,,,,700
1332,東邦大学付属　東邦中学校高等学校,千葉県習志野市泉町2-1-37,千葉県,習志野市,,,,1,1,1,,,,50949
1333,袖ケ浦東小学校,千葉県習志野市袖ケ浦5-11-1,千葉県,習志野市,,,,1,,1,,,,16937
1334,袖ケ浦運動公園,千葉県習志野市袖ケ浦5-1,千葉県,習志野市,,,,1,,1,,,,32946
1335,第六中学校,千葉県習志野市屋敷2-17-7,千葉県,習志野市,,,,1,1,1,,,1,30746
1336,香澄小学校,千葉県習志野市香澄4-6-1,千葉県,習志野市,,,,1,,1,,,1,28798
1337,第七中学校,千葉県習志野市香澄6-1-1,千葉県,習志野市,,,,1,,1,,,1,37235
1338,市役所駐車場,千葉県習志野市鷺沼2-1,千葉県,習志野市,,,,1,1,1,,,,7225
1339,鷺沼小学校,千葉県習志野市鷺沼3-1-1,千葉県,習志野市,,,,1,1,1,,,1,12926
1340,鷺沼台３丁目公園,千葉県習志野市鷺沼台3-5,千葉県,習志野市,,,,1,1,1,,,,1405
1341,梅林園,千葉県習志野市鷺沼台4-4,千葉県,習志野市,,,,1,1,1,,,,7348
1342,実籾小学校,千葉県習志野市実籾1-25-1,千葉県,習志野市,,,,1,1,1,,,1,11683
1343,第二中学校,千葉県習志野市実籾1-44-1,千葉県,習志野市,,,,1,1,1,,,1,25750
1344,県立実籾高等学校,千葉県習志野市実籾本郷22-1,千葉県,習志野市,,,,1,1,1,,,1,43653
1345,千葉工業大学　新習志野校舎,千葉県習志野市芝園2-1-1,千葉県,習志野市,,,,1,,1,,,,41700
1346,習志野市海浜公園,千葉県習志野市芝園3-1,千葉県,習志野市,,,,1,,1,,,,23601
1347,秋津小学校,千葉県習志野市秋津3-1-1,千葉県,習志野市,,,,1,,1,,,1,28613
1348,秋津総合運動公園,千葉県習志野市秋津3-7,千葉県,習志野市,,,,1,,1,,,,117721
1349,県立津田沼高等学校,千葉県習志野市秋津5-9-1,千葉県,習志野市,,,,1,,1,,,1,49321
1350,日本大学生産工学部　実籾校舎,千葉県習志野市新栄2-11-1,千葉県,習志野市,,,,1,1,1,,,,29561
1351,日本大学生産工学部　津田沼校舎,千葉県習志野市泉町1-2-1,千葉県,習志野市,,,,1,1,1,,,,28163
1352,第一中学校,千葉県習志野市奏の杜1-13-1,千葉県,習志野市,,,,1,1,1,,,1,31000
1353,谷津奏の杜公園,千葉県習志野市奏の杜2-12,千葉県,習志野市,,,,1,1,1,,,,22000
1354,袖ケ浦西小学校,千葉県習志野市袖ケ浦1-1-1,千葉県,習志野市,,,,1,,1,,,,19838
1355,袖ケ浦西近隣公園,千葉県習志野市袖ケ浦2-5,千葉県,習志野市,,,,1,,1,,,,22225
1356,第三中学校,千葉県習志野市袖ケ浦4-3-1,千葉県,習志野市,,,,1,,1,,,,29708
1357,大久保東小学校,千葉県習志野市大久保2-12-1,千葉県,習志野市,,,,1,1,1,,,1,14545
1358,向山小学校,千葉県習志野市谷津2-16-32,千葉県,習志野市,,,,1,1,1,,,1,17875
1359,谷津南小学校,千葉県習志野市谷津3-1-36,千葉県,習志野市,,,,1,,1,,,1,24500
1360,谷津小学校,千葉県習志野市谷津5-1-32,千葉県,習志野市,,,,1,1,1,,,1,13032
1361,千葉工業大学　津田沼校舎,千葉県習志野市津田沼2-17-1,千葉県,習志野市,,,,1,1,1,,,,19500
1362,津田沼小学校,千葉県習志野市津田沼4-5-2,千葉県,習志野市,,,,1,1,1,,,1,15893
1363,習志野高等学校,千葉県習志野市東習志野1-2-1,千葉県,習志野市,,,,1,1,1,,,1,57373
1364,東習志野小学校,千葉県習志野市東習志野3-4-2,千葉県,習志野市,,,,1,1,1,,,1,27358
1365,第四中学校,千葉県習志野市東習志野3-4-3,千葉県,習志野市,,,,1,1,1,,,1,33853
1366,実花小学校,千葉県習志野市東習志野6-7-2,千葉県,習志野市,,,,1,1,1,,,1,23930
1367,習志野高等学校　第二グラウンド,千葉県習志野市東習志野7-6-3,千葉県,習志野市,,,,1,1,1,,,,19650
1368,東習志野ふれあい広場,千葉県習志野市東習志野8-30,千葉県,習志野市,,,,1,1,1,,,,8999
1369,子安神社,千葉県習志野市藤崎1-4,千葉県,習志野市,,,,1,1,1,,,,3239
1370,第五中学校,千葉県習志野市藤崎2-3-16,千葉県,習志野市,,,,1,1,1,,,1,23438
1371,藤崎小学校,千葉県習志野市藤崎4-12-1,千葉県,習志野市,,,,1,1,1,,,1,20520
1372,かもめ公園,千葉県習志野市藤崎6-5,千葉県,習志野市,,,,1,1,1,,,,3173
1373,大久保小学校,千葉県習志野市藤崎6-9-28,千葉県,習志野市,,,,1,1,1,,,1,14992
1374,藤崎森林公園,千葉県習志野市藤崎7-14,千葉県,習志野市,,,,1,1,1,,,,15854
1375,富士見公園及び　本大久保二丁目二号公園,千葉県習志野市本大久保２－３本大久保2-4,千葉県,習志野市,,,,1,1,1,,,,4702
1376,千葉工業大学　茜浜運動施設,千葉県習志野市茜浜3-4,千葉県,習志野市,,,,1,,1,,,,47200
1377,中央公園,千葉県習志野市本大久保3-12,千葉県,習志野市,,,,1,1,1,,,,45459
1378,屋敷小学校,千葉県習志野市屋敷2-1-1,千葉県,習志野市,,,,1,1,1,,,1,18143
1379,柏市立柏第一小学校,千葉県柏市あけぼの1-7-6,千葉県,柏市,1,1,,1,,1,1,,1,3051
1380,しいの木公園,千葉県柏市しいの木台2-11-1,千葉県,柏市,1,1,,1,,1,1,,,6153
1381,柏市立高柳西小学校,千葉県柏市しいの木台3-2,千葉県,柏市,1,1,,1,,1,1,,1,5713
1382,千葉県立東葛飾中学校・高等学校,千葉県柏市旭町3-2-1,千葉県,柏市,1,1,,1,,1,1,,1,11198
1383,柏市旭町近隣センター,千葉県柏市旭町5-3-32,千葉県,柏市,1,1,,1,,1,1,,1,1214
1384,柏市立旭東小学校,千葉県柏市旭町5-3-9,千葉県,柏市,1,1,,1,,1,1,,1,2414
1385,柏市立旭小学校,千葉県柏市旭町6-5-17,千葉県,柏市,1,1,,1,,1,1,,1,5955
1386,気象大学校,千葉県柏市旭町7-4-81,千葉県,柏市,1,1,,1,,1,1,,1,7000
1387,永楽台近隣公園,千葉県柏市永楽台2-11,千葉県,柏市,1,1,,1,,1,1,,,5008
1388,柏市永楽台近隣センター,千葉県柏市永楽台2-11-25,千葉県,柏市,1,1,,1,,1,1,,1,472
1389,柏市立柏第八小学校,千葉県柏市永楽台2-8-1,千葉県,柏市,1,1,,1,,1,1,,1,4123
1390,柏市立花野井小学校,千葉県柏市花野井1652-34,千葉県,柏市,,1,,1,,1,1,,1,3803
1391,公益財団法人吉田記念テニス研修センター,千葉県柏市花野井936-1,千葉県,柏市,,1,,1,,1,1,,1,10470
1392,旧吉田家住宅歴史公園（芝生広場）,千葉県柏市花野井974-1,千葉県,柏市,1,1,,1,,1,1,,,2250
1393,関場町ゲートボール場,千葉県柏市関場町842-2,千葉県,柏市,1,1,,1,,1,1,,,1041
1394,千葉県立沼南高等学校,千葉県柏市岩井678-3,千葉県,柏市,1,1,,1,,1,1,,1,11389
1395,千葉県立柏陵高等学校,千葉県柏市逆井444-1,千葉県,柏市,1,1,,1,,1,1,,1,10851
1396,柏市立逆井小学校,千葉県柏市逆井452-2,千葉県,柏市,1,1,,1,,1,1,,1,5184
1397,柏市立逆井中学校,千葉県柏市逆井555,千葉県,柏市,1,1,,1,,1,1,,1,6398
1398,北柏ふるさと公園,千葉県柏市呼塚新田270-1,千葉県,柏市,,1,,1,,1,1,,,15000
1399,日本体育大学柏高等学校,千葉県柏市戸張944,千葉県,柏市,1,1,,1,,1,1,,1,13228
1400,戸張地区公園,千葉県柏市戸張994-2,千葉県,柏市,1,1,,1,,1,1,,,4400
1401,北千葉導水ビジターセンター,千葉県柏市戸張新田26,千葉県,柏市,,1,,1,,1,1,,,8310
1402,麗澤大学,千葉県柏市光ケ丘2-1-1,千葉県,柏市,1,1,,1,,1,1,,1,8294
1403,柏市立光ヶ丘中学校,千葉県柏市光ケ丘4-23-1,千葉県,柏市,1,1,,1,,1,1,,1,6369
1404,柏市光ヶ丘近隣センター,千葉県柏市光ケ丘団地200-5,千葉県,柏市,1,1,,1,,1,1,,1,1184
1405,柏市立高田小学校,千葉県柏市高田376-3,千葉県,柏市,,1,,1,,1,1,,1,8631
1406,柏市高田近隣センター,千葉県柏市高田693-2,千葉県,柏市,1,1,,1,,1,1,,1,1071
1407,柏市立柏第五中学校,千葉県柏市高田919-1,千葉県,柏市,,1,,1,,1,1,,1,8674
1408,柏市立高柳中学校,千葉県柏市高南台1-1-1,千葉県,柏市,1,1,,1,,1,1,,1,6707
1409,柏市立高柳小学校,千葉県柏市高南台3-14-12,千葉県,柏市,1,1,,1,,1,1,,1,3655
1410,柏市高柳近隣センター,千葉県柏市高柳1652-10,千葉県,柏市,1,1,,1,,1,1,,1,1394
1411,千葉県立沼南高柳高等学校,千葉県柏市高柳995,千葉県,柏市,1,1,,1,,1,1,,1,8882
1412,柏市立富勢中学校,千葉県柏市根戸467-1,千葉県,柏市,1,1,,1,,1,1,,1,7555
1413,柏市根戸近隣センター,千葉県柏市根戸467-178,千葉県,柏市,1,1,,1,,1,1,,1,2406
1414,富勢運動場,千葉県柏市根戸507,千葉県,柏市,,1,,1,,1,1,,,24135
1415,大堀川防災レクリエーション公園,千葉県柏市篠籠田119-3,千葉県,柏市,,1,,1,,1,1,,,12760
1416,柏市立柏第七小学校,千葉県柏市篠籠田723-1,千葉県,柏市,1,1,,1,,1,1,,1,5058
1417,柏市立柏第三中学校,千葉県柏市篠籠田987-1,千葉県,柏市,1,1,,1,,1,1,,1,7039
1418,柏市立柏第三小学校,千葉県柏市若葉町4-54,千葉県,柏市,1,1,,1,,1,1,,1,9780
1419,柏市立手賀東小学校,千葉県柏市手賀479-7,千葉県,柏市,1,1,,1,,1,1,,1,3703
1420,柏市立酒井根東小学校,千葉県柏市酒井根1-2-1,千葉県,柏市,1,1,,1,,1,1,,1,4051
1421,柏市立酒井根中学校,千葉県柏市酒井根1-3-1,千葉県,柏市,1,1,,1,,1,1,,1,7230
1422,柏市立酒井根小学校,千葉県柏市酒井根19-2,千葉県,柏市,1,1,,1,,1,1,,1,5881
1423,酒井根下田の森緑地,千葉県柏市酒井根6-24,千葉県,柏市,1,1,,1,,1,1,,,8265
1424,柏市酒井根近隣センター,千葉県柏市酒井根653-4,千葉県,柏市,1,1,,1,,1,1,,1,1000
1425,柏市立酒井根西小学校,千葉県柏市酒井根662-1,千葉県,柏市,1,1,,1,,1,1,,1,3712
1426,流通経済大学付属柏高等学校,千葉県柏市十余二1-20,千葉県,柏市,1,1,,1,,1,1,,1,3500
1427,柏市青少年センター,千葉県柏市十余二313-92,千葉県,柏市,1,1,,1,,1,1,,1,8350
1428,柏市立柏の葉中学校,千葉県柏市十余二３３７番地９３中央４０５街区1,千葉県,柏市,1,1,,1,,1,1,,1,5832
1429,柏市立柏の葉小学校,千葉県柏市十余二３４８番地５１中央４０４街区1,千葉県,柏市,1,1,,1,,1,1,,1,5050
1430,柏市立柏第四小学校,千葉県柏市松ケ崎1182-9,千葉県,柏市,1,1,,1,,1,1,,1,5720
1431,千葉県立柏中央高等学校,千葉県柏市松ケ崎884-1,千葉県,柏市,,1,,1,,1,1,,1,13467
1432,柏市立松葉第二小学校,千葉県柏市松葉町2-16,千葉県,柏市,1,1,,1,,1,1,,1,6063
1433,柏市立松葉中学校,千葉県柏市松葉町3-14,千葉県,柏市,1,1,,1,,1,1,,1,5867
1434,柏市松葉近隣センター,千葉県柏市松葉町4-11,千葉県,柏市,1,1,,1,,1,1,,1,875
1435,松葉第二近隣公園,千葉県柏市松葉町4-13,千葉県,柏市,1,1,,1,,1,1,,,6997
1436,松葉第一近隣公園,千葉県柏市松葉町4-6,千葉県,柏市,1,1,,1,,1,1,,,12853
1437,柏市立松葉第一小学校,千葉県柏市松葉町5-3,千葉県,柏市,1,1,,1,,1,1,,1,5937
1438,柏市立土南部小学校,千葉県柏市新逆井1-10-1,千葉県,柏市,1,1,,1,,1,1,,1,3620
1439,南部公園,千葉県柏市新逆井2-5,千葉県,柏市,1,1,,1,,1,1,,,15045
1440,柏市南部近隣センター,千葉県柏市新逆井2-5-13,千葉県,柏市,1,1,,1,,1,1,,1,2037
1441,名戸ヶ谷第五公園,千葉県柏市新柏3-2,千葉県,柏市,1,1,,1,,1,1,,,1500
1442,柏市西原近隣センター,千葉県柏市西原3-2-48,千葉県,柏市,1,1,,1,,1,1,,1,1264
1443,柏市立西原小学校,千葉県柏市西原4-17-1,千葉県,柏市,1,1,,1,,1,1,,1,4837
1444,柏市立西原中学校,千葉県柏市西原6-13-1,千葉県,柏市,1,1,,1,,1,1,,1,5733
1445,柏市立手賀西小学校,千葉県柏市泉541,千葉県,柏市,1,1,,1,,1,1,,1,2326
1446,北部緑地,千葉県柏市船戸1805,千葉県,柏市,1,1,,1,,1,1,,,4870
1447,柏市立柏高等学校,千葉県柏市船戸山高野325-1,千葉県,柏市,,1,,1,,1,1,,1,28418
1448,柏寿荘,千葉県柏市船戸山高野535,千葉県,柏市,1,1,,1,,1,1,,1,3280
1449,柏市立土中学校,千葉県柏市増尾1-23-1,千葉県,柏市,1,1,,1,,1,1,,1,4067
1450,千葉県立柏南高等学校,千葉県柏市増尾1705,千葉県,柏市,1,1,,1,,1,1,,1,12221
1451,柏市増尾近隣センター,千葉県柏市増尾3-1-1,千葉県,柏市,1,1,,1,,1,1,,1,1643
1452,柏市立土小学校,千葉県柏市増尾4-4-1,千葉県,柏市,1,1,,1,,1,1,,1,2698
1453,芝浦工業大学柏中学高等学校,千葉県柏市増尾700,千葉県,柏市,,1,,1,,1,1,,,9341
1454,柏市立増尾西小学校,千葉県柏市増尾台3-5-9,千葉県,柏市,1,1,,1,,1,1,,1,3599
1455,柏市立風早北部小学校,千葉県柏市大井1854-1,千葉県,柏市,1,1,,1,,1,1,,1,2569
1456,二松学舎大学,千葉県柏市大井2590,千葉県,柏市,1,1,,1,,1,1,,1,9698
1457,松ヶ崎中央公園,千葉県柏市大山台1,千葉県,柏市,1,1,,1,,1,1,,,6525
1458,柏市立田中小学校,千葉県柏市大室1193-3,千葉県,柏市,1,1,,1,,1,1,,1,6169
1459,柏ビレジ近隣公園,千葉県柏市大室1311-6,千葉県,柏市,,1,,1,,1,1,,,10029
1460,柏たなか駅前公園,千葉県柏市大室1-4,千葉県,柏市,1,1,,1,,1,1,,,12330
1461,柏市田中近隣センター,千葉県柏市大室249-1,千葉県,柏市,1,1,,1,,1,1,,1,1300
1462,柏市立田中中学校,千葉県柏市大室249-9,千葉県,柏市,1,1,,1,,1,1,,1,7527
1463,柏市立田中北小学校,千葉県柏市船戸1-7-1,千葉県,柏市,1,1,,1,,1,1,,1,3847
1464,柏市北部近隣センター,千葉県柏市大青田1541-2,千葉県,柏市,1,1,,1,,1,1,,1,918
1465,柏市立大津ヶ丘中学校,千葉県柏市大津ケ丘1-25,千葉県,柏市,1,1,,1,,1,1,,1,8247
1466,大津ヶ丘中央公園,千葉県柏市大津ケ丘2-1,千葉県,柏市,1,1,,1,,1,1,,,16500
1467,柏市立大津ヶ丘第一小学校,千葉県柏市大津ケ丘3-50,千葉県,柏市,1,1,,1,,1,1,,1,5366
1468,柏市立大津ヶ丘第二小学校,千葉県柏市大津ケ丘4-8,千葉県,柏市,1,1,,1,,1,1,,1,5557
1469,柏市沼南近隣センター,千葉県柏市大島田440-1,千葉県,柏市,1,1,,1,,1,1,,1,3011
1470,柏市立中原中学校,千葉県柏市中原1816-2,千葉県,柏市,1,1,,1,,1,1,,1,6594
1471,柏市立中原小学校,千葉県柏市中原1821-1,千葉県,柏市,1,1,,1,,1,1,,1,5032
1472,柏市立風早中学校,千葉県柏市塚崎1319,千葉県,柏市,1,1,,1,,1,1,,1,5595
1473,沼南老人福祉センターいこい荘,千葉県柏市塚崎1356,千葉県,柏市,1,1,,1,,1,1,,1,3245
1474,柏市新田原近隣センター,千葉県柏市東柏2-2-15,千葉県,柏市,1,1,,1,,1,1,,1,927
1475,海上自衛隊下総航空基地,千葉県柏市藤ケ谷1614-1,千葉県,柏市,1,1,,1,,1,1,,,6770
1476,藤ヶ谷区民館,千葉県柏市藤ケ谷558,千葉県,柏市,1,1,,1,,1,1,,1,825
1477,柏市立風早南部小学校,千葉県柏市藤ケ谷新田111-2,千葉県,柏市,1,1,,1,,1,1,,1,4900
1478,柏市藤心近隣センター,千葉県柏市藤心4-1-11,千葉県,柏市,1,1,,1,,1,1,,1,1006
1479,柏市立藤心小学校,千葉県柏市藤心880-1,千葉県,柏市,1,1,,1,,1,1,,1,5109
1480,並木第二公園,千葉県柏市南逆井2-2,千葉県,柏市,1,1,,1,,1,1,,,1981
1481,柏リフレッシュ公園リフレッシュプラザ柏,千葉県柏市南増尾58-3,千葉県,柏市,1,1,,1,,1,1,,1,20677
1482,柏市立南部中学校,千葉県柏市南増尾6-16-1,千葉県,柏市,1,1,,1,,1,1,,1,6596
1483,日立台公園,千葉県柏市日立台1-2,千葉県,柏市,1,1,,1,,1,1,,,4000
1484,柏公園,千葉県柏市柏565,千葉県,柏市,1,1,,1,,1,1,,,11207
1485,柏市中央公民館,千葉県柏市柏5-8-12,千葉県,柏市,1,1,,1,,1,1,,1,2463
1486,アミュゼ柏,千葉県柏市柏6-2-22,千葉県,柏市,1,1,,1,,1,1,,1,1007
1487,柏市立柏第五小学校,千葉県柏市柏932-7,千葉県,柏市,1,1,,1,,1,1,,1,2832
1488,中十余二第一公園,千葉県柏市柏の葉1-10,千葉県,柏市,1,1,,1,,1,1,,,1624
1489,中十余二第二公園,千葉県柏市柏の葉2-16,千葉県,柏市,1,1,,1,,1,1,,,1623
1490,柏市立十余二小学校,千葉県柏市柏の葉4-4-1,千葉県,柏市,1,1,,1,,1,1,,1,3681
1491,千葉県立柏の葉高等学校,千葉県柏市柏の葉6-1,千葉県,柏市,1,1,,1,,1,1,,1,10875
1492,柏市民文化会館,千葉県柏市柏下107,千葉県,柏市,,1,,1,,1,1,,1,6963
1493,柏ふるさと公園,千葉県柏市柏下4,千葉県,柏市,,1,,1,,1,1,,,15000
1494,柏市中央体育館,千葉県柏市柏下73,千葉県,柏市,,1,,1,,1,1,,1,7682
1495,柏市富里近隣センター,千葉県柏市富里2-4-4,千葉県,柏市,1,1,,1,,1,1,,1,811
1496,柏市布施近隣センター,千葉県柏市布施1196-5,千葉県,柏市,1,1,,1,,1,1,,1,1074
1497,あけぼの山公園,千葉県柏市布施1940,千葉県,柏市,,1,,1,,1,1,,,29233
1498,柏市立富勢東小学校,千葉県柏市布施2176-2,千葉県,柏市,,1,,1,,1,1,,1,4590
1499,千葉県立柏高等学校,千葉県柏市布施254,千葉県,柏市,,1,,1,,1,1,,1,12650
1500,柏市立富勢西小学校,千葉県柏市布施84-2,千葉県,柏市,1,1,,1,,1,1,,1,4925
1501,柏市立富勢小学校,千葉県柏市布施925-1,千葉県,柏市,1,1,,1,,1,1,,1,4833
1502,布施第二公園,千葉県柏市布施新町2-4,千葉県,柏市,,1,,1,,1,1,,,2254
1503,風早公園,千葉県柏市風早2-1,千葉県,柏市,1,1,,1,,1,1,,,7160
1504,豊四季庚塚緑地,千葉県柏市豊四季224-3,千葉県,柏市,1,1,,1,,1,1,,,3393
1505,柏市立豊四季中学校,千葉県柏市豊四季287-7,千葉県,柏市,1,1,,1,,1,1,,1,5486
1506,柏市立柏第二小学校,千葉県柏市豊四季310,千葉県,柏市,1,1,,1,,1,1,,1,2915
1507,柏市立豊小学校,千葉県柏市豊四季610-2,千葉県,柏市,1,1,,1,,1,1,,1,3983
1508,柏市新富近隣センター,千葉県柏市豊四季945-1,千葉県,柏市,1,1,,1,,1,1,,1,1036
1509,柏市豊四季台近隣センター,千葉県柏市豊四季台1-1-116,千葉県,柏市,1,1,,1,,1,1,,1,2595
1510,柏市立柏第六小学校,千葉県柏市豊四季台4-2-1,千葉県,柏市,1,1,,1,,1,1,,1,4930
1511,北柏第三公園,千葉県柏市北柏2-9,千葉県,柏市,1,1,,1,,1,1,,,1364
1512,北柏第二公園,千葉県柏市北柏3-9,千葉県,柏市,,1,,1,,1,1,,,3227
1513,柏市立柏第四中学校,千葉県柏市名戸ケ谷1-6-8,千葉県,柏市,1,1,,1,,1,1,,1,7362
1514,柏市立名戸ヶ谷小学校,千葉県柏市名戸ケ谷474-1,千葉県,柏市,,1,,1,,1,1,,1,6744
1515,西口第一公園,千葉県柏市明原3-1,千葉県,柏市,1,1,,1,,1,1,,,4239
1516,柏市立柏中学校,千葉県柏市明原4-1-1,千葉県,柏市,1,1,,1,,1,1,,1,12411
1517,柏市立柏第二中学校,千葉県柏市弥生町6-6,千葉県,柏市,1,1,,1,,1,1,,1,7806
1518,柏市手賀近隣センター,千葉県柏市柳戸511-11,千葉県,柏市,1,1,,1,,1,1,,1,1483
1519,柏市立手賀中学校,千葉県柏市柳戸690,千葉県,柏市,1,1,,1,,1,1,,1,5186
1520,柏市立光ヶ丘小学校,千葉県流山市向小金4-20-1,千葉県,柏市,1,1,,1,,1,1,,1,3533
1521,南部老人福祉センターかたくりの里,千葉県柏市藤心293-1,千葉県,柏市,1,1,,1,,1,1,,1,794
1522,豊浜小学校,千葉県勝浦市新官65,千葉県,勝浦市,1,1,1,1,1,1,1,,1,"3000人
(2㎡あたり1人)"
1523,元大原高等学校勝浦若潮ｷｬﾝﾊﾟｽ,千葉県勝浦市新官1380,千葉県,勝浦市,1,1,1,1,1,1,1,,1,"7050人
(2㎡あたり1人)"
1524,勝浦中学校,千葉県勝浦市出水1120-1,千葉県,勝浦市,1,1,1,1,1,1,1,,1,"9150人
(2㎡あたり1人)"
1525,勝浦小学校,千葉県勝浦市墨名733-1,千葉県,勝浦市,1,1,1,1,1,1,1,,1,"3100人
(2㎡あたり1人)"
1526,日本武道館勝浦研修センター,千葉県勝浦市沢倉585,千葉県,勝浦市,1,1,1,1,1,1,1,,1,"1750人
(2㎡あたり1人)"
1527,芸術文化交流センター,千葉県勝浦市沢倉523-1,千葉県,勝浦市,1,1,1,1,1,1,1,,1,"1850人
(2㎡あたり1人)"
1528,元郁文小学校,千葉県勝浦市松部1000-1,千葉県,勝浦市,1,,1,1,1,1,1,,1,"1900人
(2㎡あたり1人)"
1529,元清海小学校,千葉県勝浦市鵜原142-2,千葉県,勝浦市,1,,1,1,1,1,1,,1,"1150人
(2㎡あたり1人)"
1530,元興津中学校,千葉県勝浦市興津1222-1,千葉県,勝浦市,1,1,1,1,1,1,1,,1,"2850人
(2㎡あたり1人)"
1531,興津小学校,千葉県勝浦市興津1700,千葉県,勝浦市,1,1,1,1,1,1,1,,1,"1700人
(2㎡あたり1人)"
1532,元行川小学校,千葉県勝浦市浜行川808,千葉県,勝浦市,1,1,1,1,1,1,1,,1,"850人
(2㎡あたり1人)"
1533,上野小学校,千葉県勝浦市植野元宮田72,千葉県,勝浦市,1,1,1,1,1,1,1,,1,"3850人
(2㎡あたり1人)"
1534,市営荒川テニスコート,千葉県勝浦市荒川193,千葉県,勝浦市,,1,1,1,1,1,1,,,"1200人
(2㎡あたり1人)"
1535,元北中学校,千葉県勝浦市小羽戸58-2,千葉県,勝浦市,1,1,1,1,1,1,1,,1,"11500人
(2㎡あたり1人)"
1536,総野小学校,千葉県勝浦市蟹田222-1,千葉県,勝浦市,1,1,1,1,1,1,1,,1,"5700人
(2㎡あたり1人)"
1537,"国際武道大学
(陸上競技場
ラグビー場)",千葉県勝浦市新官841,千葉県,勝浦市,1,1,1,1,1,1,1,,1,"14500人
(2㎡あたり1人)"
1538,"ﾌﾞﾙｰﾍﾞﾘｰﾋﾙ
(関東国際学園勝浦校外施設)",千葉県勝浦市興津1514-10,千葉県,勝浦市,1,1,1,1,1,1,1,,1,"3300人
(2㎡あたり1人)"
1539,部原荘,千葉県勝浦市部原1930-3,千葉県,勝浦市,1,1,1,1,1,1,1,,1,"900人
(2㎡あたり1人)"
1540,姉崎小学校,千葉県市原市椎津461,千葉県,市原市,1,1,1,1,1,,,,1,3157
1541,明神小学校,千葉県市原市姉崎1850,千葉県,市原市,1,1,1,1,1,,,,1,3457
1542,姉崎中学校,千葉県市原市姉崎2156,千葉県,市原市,1,1,1,1,1,,,,1,8741
1543,姉崎公民館,千葉県市原市姉崎2150-1,千葉県,市原市,1,1,1,1,1,,,,1,216.6
1544,青葉台小学校,千葉県市原市青葉台1-10-1,千葉県,市原市,1,1,1,1,1,,,,1,4283
1545,姉崎東中学校,千葉県市原市姉崎3056-1,千葉県,市原市,1,1,1,1,1,,,,1,6818
1546,八幡小学校,千葉県市原市八幡530,千葉県,市原市,1,1,,1,1,,,,1,6401
1547,八幡中学校,千葉県市原市八幡500,千葉県,市原市,1,1,,1,1,,,,1,8413
1548,旧八幡東中学校,千葉県市原市菊間428,千葉県,市原市,1,1,,1,1,,,,1,9421
1549,八幡公民館,千葉県市原市八幡1050-1,千葉県,市原市,1,1,,1,1,,,,1,306.4
1550,八幡運動公園,千葉県市原市八幡1050-3,千葉県,市原市,,1,,1,1,,,,,9585
1551,石塚小学校,千葉県市原市八幡石塚2-4,千葉県,市原市,1,1,,1,1,,,,1,5041
1552,菊間小学校,千葉県市原市菊間1620-1,千葉県,市原市,1,1,1,1,1,,,,1,5078
1553,菊間中学校,千葉県市原市菊間1850,千葉県,市原市,1,1,1,1,1,,,,1,7154
1554,菊間コミュニティセンター,千葉県市原市菊間1870-4,千葉県,市原市,1,1,1,1,1,,,,1,320.7
1555,五所小学校,千葉県市原市五所2154-1,千葉県,市原市,1,1,,1,1,,,,1,5790
1556,若宮小学校,千葉県市原市若宮3-13,千葉県,市原市,1,1,1,1,1,,,,1,5325
1557,白幡小学校,千葉県市原市山木108,千葉県,市原市,1,1,1,1,1,,,,1,6676
1558,市原小学校,千葉県市原市能満1320,千葉県,市原市,1,1,1,1,1,,,,1,3605
1559,市原中学校,千葉県市原市能満1450,千葉県,市原市,1,1,1,1,1,,,,1,9855
1560,五井小学校,千葉県市原市五井東1-6-3,千葉県,市原市,1,1,1,1,1,,,,1,7327
1561,五井中川田公園,千葉県市原市五井1661,千葉県,市原市,,1,,1,1,,,,,8865
1562,市原市総合公園,千葉県市原市更級5-1-1,千葉県,市原市,,1,,1,1,,,,,37800
1563,旧市原市勤労会館,千葉県市原市更級5-1-18,千葉県,市原市,1,1,1,1,1,,,,1,315.1
1564,サンプラザ市原,千葉県市原市五井中央西1-1-25,千葉県,市原市,1,1,,1,1,,,,1,110
1565,若葉小学校,千葉県市原市五井5555-1,千葉県,市原市,,1,,1,1,,,,1,3804
1566,若葉中学校,千葉県市原市五井5308,千葉県,市原市,1,1,,1,1,,,,1,9090
1567,五井公民館,千葉県市原市五井5472-1,千葉県,市原市,,1,,1,1,,,,1,255
1568,白金小学校,千葉県市原市君塚3-19,千葉県,市原市,1,1,,1,1,,,,1,6372
1569,国府小学校,千葉県市原市村上1402-1,千葉県,市原市,,1,1,1,1,,,,1,1950
1570,国分寺台小学校,千葉県市原市南国分寺台3-2,千葉県,市原市,1,1,1,1,1,,,,1,4966
1571,国分寺台中学校,千葉県市原市南国分寺台2-1,千葉県,市原市,1,1,1,1,1,,,,1,7179
1572,国分寺公民館,千葉県市原市南国分寺台1-2-6,千葉県,市原市,1,1,1,1,1,,,,1,199
1573,市民会館,千葉県市原市惣社1-1-1,千葉県,市原市,1,1,1,1,1,,,,1,3150
1574,国分寺台東小学校,千葉県市原市東国分寺台5-1,千葉県,市原市,1,1,1,1,1,,,,1,3969
1575,国分寺台西小学校,千葉県市原市西国分寺台2-11-1,千葉県,市原市,1,1,1,1,1,,,,1,4715
1576,国分寺台西中学校,千葉県市原市国分寺台中央5-1-1,千葉県,市原市,1,1,1,1,1,,,,1,6566
1577,京葉小学校,千葉県市原市五井西3-9-2,千葉県,市原市,,1,,1,1,,,,1,5934
1578,五井中学校,千葉県市原市五井922-2,千葉県,市原市,,1,,1,1,,,,1,7919
1579,市原緑地運動公園【体育館】,千葉県市原市岩崎536,千葉県,市原市,1,1,,1,1,,,,1,311
1580,市原緑地運動公園【スタンド】,千葉県市原市岩崎536,千葉県,市原市,,,,,1,,,,,14051
1581,東海小学校,千葉県市原市廿五里558,千葉県,市原市,1,1,1,1,1,,,,1,4185
1582,東海中学校,千葉県市原市今富477,千葉県,市原市,1,1,1,1,1,,,,1,5536
1583,千種小学校,千葉県市原市青柳1801,千葉県,市原市,,1,,1,1,,,,1,4641
1584,千種中学校,千葉県市原市千種6-1-1,千葉県,市原市,1,1,1,1,1,,,,1,8928
1585,千種コミュニティセンター,千葉県市原市千種2-1-2,千葉県,市原市,1,1,,1,1,,,,1,85
1586,千種ふれあい公園　,千葉県市原市千種2-2,千葉県,市原市,,1,,1,1,,,,,23099
1587,海上小学校,千葉県市原市神代125,千葉県,市原市,1,1,1,1,1,,,,1,1974
1588,市西小学校,千葉県市原市海士有木1130,千葉県,市原市,1,1,1,1,1,,,,1,3786
1589,三和コミュニティセンター,千葉県市原市海士有木235-1,千葉県,市原市,1,1,1,1,1,,,,1,240
1590,養老小学校,千葉県市原市松崎820,千葉県,市原市,1,1,1,1,1,,,,1,8473
1591,三和中学校,千葉県市原市磯ｹ谷1703,千葉県,市原市,,1,1,1,1,,,,1,9189
1592,三和運動広場,千葉県市原市磯ｹ谷1606-2,千葉県,市原市,1,1,1,1,1,,,,,15942.6
1593,光風台小学校,千葉県市原市光風台4-546,千葉県,市原市,1,1,1,1,1,,,,1,5879
1594,双葉中学校,千葉県市原市光風台1-475,千葉県,市原市,1,1,1,1,1,,,,1,6075
1595,湿津小学校,千葉県市原市潤井戸2299-14,千葉県,市原市,1,1,1,1,1,,,,1,4193
1596,湿津中学校,千葉県市原市潤井戸2297-2,千葉県,市原市,1,1,1,1,1,,,,1,7511
1597,市津公民館,千葉県市原市下野90-1,千葉県,市原市,1,1,1,1,1,,,,1,188
1598,市東第一小学校,千葉県市原市瀬又1820,千葉県,市原市,1,1,1,1,1,,,,1,5337
1599,旧市東第二小学校,千葉県市原市高倉1-1,千葉県,市原市,1,1,1,1,1,,,,1,2106
1600,市東中学校,千葉県市原市東国吉356,千葉県,市原市,1,1,1,1,1,,,,1,7780
1601,辰巳台西小学校,千葉県市原市辰巳台西4-16,千葉県,市原市,1,1,1,1,1,,,,1,3834
1602,辰巳台中学校,千葉県市原市辰巳台東2-2,千葉県,市原市,1,1,1,1,1,,,,1,9820
1603,辰巳公民館,千葉県市原市辰巳台西3-14-1,千葉県,市原市,1,1,1,1,1,,,,1,207
1604,辰巳台東小学校,千葉県市原市辰巳台東4-13,千葉県,市原市,1,1,1,1,1,,,,1,5262
1605,戸田小学校,千葉県市原市馬立830,千葉県,市原市,1,1,1,1,1,,,,1,2727
1606,戸田コミュニティセンター,千葉県市原市馬立733,千葉県,市原市,,1,1,1,1,,,,1,82
1607,寺谷小学校,千葉県市原市寺谷687-1,千葉県,市原市,1,1,1,1,1,,,,1,5402
1608,牛久小学校,千葉県市原市皆吉933-2,千葉県,市原市,1,1,1,1,1,,,,1,6646
1609,南総公民館,千葉県市原市牛久520-1,千葉県,市原市,1,1,1,1,1,,,,1,216
1610,旧内田小学校,千葉県市原市島田20,千葉県,市原市,1,1,1,1,1,,,,1,2210
1611,南総中学校,千葉県市原市安久谷140,千葉県,市原市,1,1,1,1,1,,,,1,9494
1612,鶴舞小学校,千葉県市原市鶴舞708,千葉県,市原市,1,1,1,1,1,,,,1,5047
1613,旧平三小学校,千葉県市原市平蔵808,千葉県,市原市,1,1,1,1,1,,,,1,2741
1614,旧富山小学校,千葉県市原市古敷谷2252,千葉県,市原市,1,,1,1,1,,,,1,2525
1615,旧高滝小学校,千葉県市原市養老1012,千葉県,市原市,1,1,1,,1,,,,1,3295
1616,加茂公民館,千葉県市原市養老949-1,千葉県,市原市,1,1,1,1,1,,,,1,255
1617,旧里見小学校,千葉県市原市徳氏541-1,千葉県,市原市,1,1,1,,1,,,,1,2282
1618,加茂中学校（加茂学園）,千葉県市原市平野123,千葉県,市原市,1,1,1,1,1,,,,1,2768
1619,旧白鳥小学校,千葉県市原市大久保547-1,千葉県,市原市,1,1,1,,1,,,,1,2898
1620,旧月出小学校,千葉県市原市月出1045,千葉県,市原市,1,1,1,1,1,,,,1,990
1621,有秋東小学校,千葉県市原市不入斗753,千葉県,市原市,1,1,1,1,1,,,,1,6620
1622,有秋西小学校,千葉県市原市有秋台西2-3,千葉県,市原市,1,1,1,1,1,,,,1,6080
1623,有秋中学校,千葉県市原市不入斗1200,千葉県,市原市,1,1,1,1,1,,,,1,7526
1624,有秋公民館,千葉県市原市有秋台西1-3-2,千葉県,市原市,1,1,1,1,1,,,,1,197
1625,有秋南小学校,千葉県市原市桜台3-1-1,千葉県,市原市,1,1,1,1,1,,,,1,5805
1626,水の江小学校,千葉県市原市ちはら台東2-15,千葉県,市原市,1,1,1,1,1,,,,1,3987
1627,清水谷小学校,千葉県市原市ちはら台南5-2,千葉県,市原市,1,1,1,1,1,,,,1,3860
1628,ちはら台南中学校,千葉県市原市ちはら台南5-3,千葉県,市原市,1,1,1,1,1,,,,1,5440
1629,ちはら台コミュニティセンター,千葉県市原市ちはら台南6-1-3,千葉県,市原市,1,1,1,1,1,,,,1,284
1630,牧園小学校,千葉県市原市ちはら台南2-7,千葉県,市原市,1,1,1,1,1,,,,1,3850
1631,ちはら台西中学校,千葉県市原市ちはら台西5-1,千葉県,市原市,1,1,1,1,1,,,,1,5435
1632,ちはら台桜小学校,千葉県市原市ちはら台東5-13,千葉県,市原市,1,1,1,1,1,,,,1,3572
1633,江戸川河川敷緑地,千葉県流山市木地先,千葉県,流山市,,1,,1,1,,,,,71710
1634,南流山児童センター,千葉県流山市流山2539-1,千葉県,流山市,,,,1,,,,,1,49
1635,文化会館,千葉県流山市加1-16-2,千葉県,流山市,,1,1,1,1,,,,1,4339
1636,初石公民館,千葉県流山市西初石4-381-2,千葉県,流山市,1,1,1,1,1,,1,,1,398
1637,流山市北部公民館,千葉県流山市美原1-158-2,千葉県,流山市,1,1,1,1,1,,1,,1,634
1638,東部公民館,千葉県流山市名都借756-4,千葉県,流山市,1,1,1,1,1,,1,,1,387
1639,生涯学習センター,千葉県流山市中110,千葉県,流山市,1,1,1,1,1,,1,,1,1955
1640,流山市向小金福祉会館,千葉県流山市向小金2-192-2,千葉県,流山市,1,1,1,1,1,,1,,1,186
1641,江戸川大学,千葉県流山市駒木474,千葉県,流山市,1,1,1,1,1,,1,,1,720
1642,流山市立八木中学校,千葉県流山市古間木210-2,千葉県,流山市,1,1,1,1,1,,1,,1,5128
1643,流山市立向小金小学校,千葉県流山市向小金3-149-1,千葉県,流山市,1,1,1,1,1,,1,,1,4567
1644,流山市立江戸川台小学校,千葉県流山市江戸川台東3-11,千葉県,流山市,1,1,1,1,1,,1,,1,4706
1645,三輪野山近隣公園,千葉県流山市三輪野山2-292,千葉県,流山市,1,1,1,1,1,,1,,,13816
1646,流山市立八木南小学校,千葉県流山市芝崎92,千葉県,流山市,,1,1,1,1,,,,1,4848
1647,松ヶ丘ふるさと公園,千葉県流山市松ケ丘4-495-1,千葉県,流山市,1,1,1,1,1,,1,,,3308
1648,上新宿防災広場,千葉県流山市上新宿319-7,千葉県,流山市,1,1,1,1,1,,1,,,3128
1649,流山市立西初石小学校,千葉県流山市西初石4-347,千葉県,流山市,1,1,1,1,1,,1,,1,2712
1650,流山市立西初石中学校,千葉県流山市西初石4-455-1,千葉県,流山市,1,1,1,1,1,,1,,1,7383
1651,流山市立西深井小学校,千葉県流山市大字西深井67-1,千葉県,流山市,1,1,1,1,1,,1,,1,3852
1652,千葉県立流山おおたかの森高等学校,千葉県流山市大字大畔275-5,千葉県,流山市,,1,1,1,1,,,,1,16219
1653,流山市立新川小学校,千葉県流山市大字中野久木339,千葉県,流山市,1,1,1,1,1,,1,,1,3207
1654,流山市立北部中学校,千葉県流山市大字中野久木577,千葉県,流山市,1,1,1,1,1,,1,,1,5272
1655,千葉県立流山北高等学校,千葉県流山市大字中野久木7-1,千葉県,流山市,,1,1,1,1,,,,1,9595
1656,運河水辺公園,千葉県流山市大字東深井368-1,千葉県,流山市,,1,1,1,1,,,,,12064
1657,流山市立東深井中学校,千葉県流山市大字東深井47,千葉県,流山市,1,1,1,1,1,,1,,1,5463
1658,東深井地区公園,千葉県流山市大字東深井815,千葉県,流山市,,1,1,1,1,,,,,27668
1659,流山市立東深井小学校,千葉県流山市大字東深井879-2,千葉県,流山市,1,1,1,1,1,,1,,1,3642
1660,流山市立南流山小学校,千葉県流山市大字木487,千葉県,流山市,,1,,1,1,,,,1,4957
1661,流山市立南流山中学校,千葉県流山市大字流山2539-1,千葉県,流山市,,1,,1,1,,,,1,8110
1662,流山市立おおぐろの森小学校,千葉県流山市大畔316-1,千葉県,流山市,1,1,1,1,1,,1,,1,4136
1663,流山市上下水道局,千葉県流山市おおたかの森西1-19,千葉県,流山市,1,1,1,1,1,,1,,,1966
1664,千葉県立流山高等学校,千葉県流山市東初石2-98,千葉県,流山市,1,1,1,1,1,,1,,1,7000
1665,流山市立常盤松中学校,千葉県流山市東初石3-134,千葉県,流山市,1,1,1,1,1,,1,,1,5354
1666,南流山中央公園,千葉県流山市南流山3-14,千葉県,流山市,,1,1,1,1,,,,,6077
1667,流山市立八木北小学校,千葉県流山市美田208,千葉県,流山市,1,1,1,1,1,,1,,1,3710
1668,流山市立鰭ヶ崎小学校,千葉県流山市鰭ケ崎7-1,千葉県,流山市,,1,,1,1,,,,1,3154
1669,平和台２号公園,千葉県流山市平和台2-12,千葉県,流山市,,1,1,1,1,,,,,2908
1670,千葉県立特別支援学校流山高等学園第二キャンパス,千葉県流山市名都借140,千葉県,流山市,,1,1,1,1,,,,1,8407
1671,東部近隣公園,千葉県流山市名都借240,千葉県,流山市,1,1,1,1,1,,1,,,9249
1672,流山市立東小学校,千葉県流山市名都借856,千葉県,流山市,1,1,1,1,1,,1,,1,5585
1673,流山市立東部中学校,千葉県流山市名都借865,千葉県,流山市,1,1,1,1,1,,1,,1,7026
1674,流山市総合運動公園,千葉県流山市野々下1-40-1,千葉県,流山市,1,1,1,1,1,1,1,,1,76896
1675,流山市立長崎小学校,千葉県流山市野々下2-10-1,千葉県,流山市,1,1,1,1,1,,1,,1,4503
1676,千葉県立特別支援学校流山高等学園,千葉県流山市野々下2-496-1,千葉県,流山市,,1,1,1,1,,,,1,5266
1677,流山市立流山小学校,千葉県流山市流山4-359,千葉県,流山市,,1,1,1,1,,,,1,3762
1678,千葉県立流山南高等学校,千葉県流山市流山9-800-1,千葉県,流山市,,1,1,1,1,,,,1,9041
1679,流山市立おおぐろの森中学校,千葉県流山市大畔581,千葉県,流山市,1,1,1,1,1,,1,,1,3564
1680,流山市立おおたかの森小・中学校,千葉県流山市おおたかの森西2-13-1,千葉県,流山市,1,1,1,1,1,,1,,1,5600
1681,流山市立小山小学校,千葉県流山市おおたかの森東2-5-3,千葉県,流山市,1,1,1,1,1,,1,,1,3602
1682,大堀川水辺公園,千葉県流山市おおたかの森東3-9,千葉県,流山市,,1,1,1,1,,,,,8949
1683,西初石近隣公園,千葉県流山市おおたかの森南1-25-3,千葉県,流山市,1,1,1,1,1,,1,,,10000
1684,十太夫近隣公園,千葉県流山市おおたかの森北3-7-1,千葉県,流山市,1,1,1,1,1,,1,,,10052
1685,流山市立流山北小学校,千葉県流山市加1-795-1,千葉県,流山市,,1,1,1,1,,,,1,4970
1686,流山市立南部中学校,千葉県流山市加3-600-1,千葉県,流山市,1,1,1,1,1,,1,,1,6609
1687,大和田小学校,千葉県八千代市萱田町628,千葉県,八千代市,1,1,,1,,1,1,,1,
1688,睦小学校,千葉県八千代市桑納176,千葉県,八千代市,1,1,,1,,1,1,,1,
1689,旧阿蘇小学校,千葉県八千代市米本2586,千葉県,八千代市,1,1,,1,,1,1,,1,
1690,村上小学校,千葉県八千代市村上1113-1,千葉県,八千代市,1,1,,1,,1,1,,1,
1691,八千代台小学校,千葉県八千代市八千代台西1-8,千葉県,八千代市,1,1,,1,,1,1,,1,
1692,旧八千代台東第二小学校,千葉県八千代市八千代台東6-26-1,千葉県,八千代市,1,,,1,,1,1,,1,
1693,八千代台東小学校,千葉県八千代市八千代台東2-5-1,千葉県,八千代市,1,1,,1,,1,1,,1,
1694,八千代台西小学校,千葉県八千代市八千代台西7-23-1,千葉県,八千代市,,1,,1,,1,,,1,
1695,勝田台小学校,千葉県八千代市勝田台2-14,千葉県,八千代市,1,1,,1,,1,1,,1,
1696,勝田台南小学校,千葉県八千代市勝田台5-9,千葉県,八千代市,1,1,,1,,1,1,,1,
1697,旧米本小学校,千葉県八千代市米本1386-6,千葉県,八千代市,1,1,,1,,1,1,,1,
1698,旧米本南小学校,千葉県八千代市米本2301,千葉県,八千代市,1,1,,1,,1,1,,1,
1699,西高津小学校,千葉県八千代市高津832-38,千葉県,八千代市,1,1,,1,,1,1,,1,
1700,大和田南小学校,千葉県八千代市大和田628,千葉県,八千代市,,1,,1,,1,,,1,
1701,南高津小学校,千葉県八千代市高津421-3,千葉県,八千代市,1,1,,1,,1,1,,1,
1702,大和田西小学校,千葉県八千代市大和田新田409-3,千葉県,八千代市,1,1,,1,,1,1,,1,
1703,村上北小学校,千葉県八千代市村上1113-1,千葉県,八千代市,1,1,,1,,1,1,,1,
1704,新木戸小学校,千葉県八千代市緑が丘2-4,千葉県,八千代市,1,1,,1,,1,1,,1,
1705,萱田小学校,千葉県八千代市ゆりのき台6-20,千葉県,八千代市,1,1,,1,,1,1,,1,
1706,萱田南小学校,千葉県八千代市ゆりのき台3-7-3,千葉県,八千代市,1,1,,1,,1,1,,,
1707,みどりが丘小学校,千葉県八千代市緑が丘西3－14,千葉県,八千代市,1,1,,1,,1,1,,1,
1708,八千代中学校,千葉県八千代市八千代台北14-9-1,千葉県,八千代市,1,1,,1,,1,1,,1,
1709,睦中学校,千葉県八千代市島田台756,千葉県,八千代市,1,1,,1,,1,1,,1,
1710,大和田中学校,千葉県八千代市萱田町645,千葉県,八千代市,1,1,,1,,1,1,,1,
1711,八千代台西中学校,千葉県八千代市八千代台西7-23-3,千葉県,八千代市,,1,,1,,1,,,1,
1712,東高津中学校,千葉県八千代市高津1092,千葉県,八千代市,1,1,,1,,1,1,,1,
1713,村上中学校,千葉県八千代市村上1643-55,千葉県,八千代市,1,1,,1,,1,1,,1,
1714,萱田中学校,千葉県八千代市ゆりのき台7-8-1,千葉県,八千代市,1,1,,1,,1,1,,1,
1715,京成バラ園,千葉県八千代市大和田新田755,千葉県,八千代市,1,1,,1,,1,1,,,
1716,秀明大学,千葉県八千代市大学町1-1,千葉県,八千代市,1,1,,1,,1,1,,,
1717,八千代台西市民の森,千葉県八千代市八千代台西9-138他,千葉県,八千代市,1,1,,1,,1,1,,,
1718,八千代台南市民の森,千葉県八千代市八千代台南3-37-1他,千葉県,八千代市,1,1,,1,,1,1,,,
1719,八千代台第1公園,千葉県八千代市八千代台北3-9-1,千葉県,八千代市,1,1,,1,,1,1,,,
1720,勝田台中央公園,千葉県八千代市勝田台3-31,千葉県,八千代市,1,1,,1,,1,1,,,
1721,八千代総合運動公園,千葉県八千代市萱田町253他,千葉県,八千代市,1,1,,1,,1,1,,,
1722,"高津小学校及び
高津中学校等一帯の地域",千葉県八千代市高津738-6他（高津団地内）,千葉県,八千代市,,1,,1,,1,,,1,
1723,勝田台中学校,千葉県八千代市勝田台3-1,千葉県,八千代市,1,,,1,,1,1,,1,
1724,"村上東小学校及び
村上東中学校等一帯の地域",千葉県八千代市村上1113-1他（村上団地内）,千葉県,八千代市,1,1,,1,,1,1,,1,
1725,八千代高等学校,千葉県八千代市勝田台南1-1-1,千葉県,八千代市,1,1,,1,,1,1,,,
1726,酒井グラウンド,千葉県八千代市上高野1270-3他,千葉県,八千代市,1,,,,,,1,,,
1727,保品近隣公園,千葉県八千代市保品1772-19他,千葉県,八千代市,1,,,,,,1,,,
1728,久寺家中学校,千葉県我孫子市つくし野171,千葉県,我孫子市,1,1,,1,,,,,1,
1729,根戸小学校,千葉県我孫子市つくし野4-17-1,千葉県,我孫子市,,1,,1,,,,,1,
1730,並木小学校,千葉県我孫子市つくし野7-30-1,千葉県,我孫子市,,1,,1,,,,,1,
1731,中央学院大学,千葉県我孫子市久寺家451,千葉県,我孫子市,,1,,1,,1,,,1,
1732,我孫子二階堂高等学校,千葉県我孫子市久寺家479－1,千葉県,我孫子市,,1,,1,,1,,,1,
1733,一般財団法人電力中央研究所,千葉県我孫子市我孫子1646,千葉県,我孫子市,1,1,,1,,1,,,1,
1734,我孫子第四小学校,千葉県我孫子市白山3-2-1,千葉県,我孫子市,1,1,,1,,1,,,1,
1735,白山中学校,千葉県我孫子市白山3-7-3,千葉県,我孫子市,1,1,,1,,1,,,1,
1736,我孫子第一小学校,千葉県我孫子市寿1-22-10,千葉県,我孫子市,1,1,,1,,,,,1,
1737,手賀沼公園,千葉県我孫子市若松1（若松26-4）,千葉県,我孫子市,,1,,,,1,,,1,
1738,県立我孫子高等学校,千葉県我孫子市若松18-4,千葉県,我孫子市,,1,,,,1,,,1,
1739,高野山小学校,千葉県我孫子市高野山198,千葉県,我孫子市,1,1,,1,,,,,1,
1740,高野山桃山公園,千葉県我孫子市高野山字前原454-3地先,千葉県,我孫子市,1,1,,1,,,,,,
1741,我孫子中学校,千葉県我孫子市高野山537,千葉県,我孫子市,1,1,,1,,1,,,1,
1742,我孫子第三小学校,千葉県我孫子市柴崎台3-3-1,千葉県,我孫子市,1,1,,1,,,,,1,
1743,柴崎台中央公園,千葉県我孫子市柴崎台2-14,千葉県,我孫子市,,1,,1,,,,,,
1744,天王台西公園,千葉県我孫子市天王台4-8,千葉県,我孫子市,1,1,,1,,,,,,
1745,我孫子第二小学校,千葉県我孫子市下ヶ戸610,千葉県,我孫子市,1,1,,1,,,,,1,
1746,我孫子ゴルフ倶楽部,千葉県我孫子市岡発戸1110他,千葉県,我孫子市,1,1,,1,,1,,,,
1747,五本松運動広場,千葉県我孫子市岡発戸1433-2,千葉県,我孫子市,1,1,,1,,1,,,,
1748,五本松公園,千葉県我孫子市岡発戸1431他,千葉県,我孫子市,1,1,,1,,1,,,,
1749,中央学院高等学校,千葉県我孫子市都部765,千葉県,我孫子市,1,1,,1,,1,,,1,
1750,湖北台東小学校,千葉県我孫子市湖北台4-3-1,千葉県,我孫子市,1,1,,1,,,,,1,
1751,湖北台西小学校,千葉県我孫子市湖北台8-17-1,千葉県,我孫子市,1,1,,1,,,,,1,
1752,湖北台中学校,千葉県我孫子市湖北台6-9-1,千葉県,我孫子市,,1,,1,,1,,,1,
1753,湖北台中央公園,千葉県我孫子市湖北台7-5,千葉県,我孫子市,1,1,,1,,1,,,,
1754,中峠亀田谷公園,千葉県我孫子市中峠1645－1,千葉県,我孫子市,,,,1,,,,,,
1755,湖北小学校,千葉県我孫子市中里95,千葉県,我孫子市,1,1,,1,,,,,1,
1756,湖北中学校,千葉県我孫子市古戸300,千葉県,我孫子市,,1,,1,,1,,,1,
1757,新木小学校,千葉県我孫子市新木1460,千葉県,我孫子市,1,1,,1,,,,,1,
1758,気象台記念公園,千葉県我孫子市新木野2－5,千葉県,我孫子市,1,1,,1,,1,,,,
1759,南新木沖田公園,千葉県我孫子市南新木3-12-1,千葉県,我孫子市,1,1,,1,,,,,,
1760,布佐南小学校,千葉県我孫子市布佐平和台5-1-1,千葉県,我孫子市,,1,,1,,1,,,1,
1761,布佐南公園,千葉県我孫子市布佐平和台5丁目地内,千葉県,我孫子市,1,1,,1,,1,,,,
1762,県立我孫子東高等学校,千葉県我孫子市新新田172,千葉県,我孫子市,,1,,,,,,,1,
1763,布佐小学校,千葉県我孫子市布佐1217,千葉県,我孫子市,1,1,,1,,1,,,1,
1764,布佐中学校,千葉県我孫子市布佐1301,千葉県,我孫子市,,1,,1,,1,,,1,
1765,八雲神社,千葉県鴨川市貝渚2202,千葉県,鴨川市,1,,1,1,1,,1,1,,209
1766,白幡神社,千葉県鴨川市貝渚3102,千葉県,鴨川市,1,1,1,1,1,,1,1,,156
1767,心巌寺,千葉県鴨川市貝渚2002-1,千葉県,鴨川市,1,,1,1,1,,1,1,,111
1768,貝渚八幡神社,千葉県鴨川市貝渚801,千葉県,鴨川市,1,1,1,1,1,,1,1,,288
1769,黒潮莊,千葉県鴨川市貝渚2565,千葉県,鴨川市,1,,1,1,1,,1,1,,328
1770,長狭高等学校,千葉県鴨川市横渚100,千葉県,鴨川市,1,1,1,1,1,1,1,1,1,12211
1771,鴨川小学校,千葉県鴨川市横渚500,千葉県,鴨川市,1,1,1,1,1,1,1,1,,372
1772,中央公民館,千葉県鴨川市前原60,千葉県,鴨川市,1,1,1,1,1,,1,1,1,52
1773,花房滝口神社,千葉県鴨川市花房874,千葉県,鴨川市,1,1,1,1,1,,1,1,,297
1774,粟斗公会堂,千葉県鴨川市粟斗287-1,千葉県,鴨川市,1,1,1,1,1,,1,1,,35
1775,花房青年館,千葉県鴨川市花房438-1,千葉県,鴨川市,1,1,1,1,1,,1,1,,37
1776,滑谷青年館,千葉県鴨川市滑谷605,千葉県,鴨川市,1,1,1,1,1,,1,1,,26
1777,西条小学校,千葉県鴨川市打墨220,千葉県,鴨川市,1,1,1,1,1,1,1,1,1,222
1778,打墨公会堂,千葉県鴨川市打墨1341,千葉県,鴨川市,1,,1,1,1,,1,1,,80
1779,福祉センター（福祉作業所を含む）,千葉県鴨川市八色866,千葉県,鴨川市,1,1,1,1,1,,1,1,1,63
1780,西条公民館,千葉県鴨川市八色1244-1,千葉県,鴨川市,1,,1,1,1,,1,1,1,53
1781,小松原鏡忍寺,千葉県鴨川市広場1413,千葉県,鴨川市,1,1,1,1,1,,1,1,,972
1782,掛松寺,千葉県鴨川市東町1971,千葉県,鴨川市,1,1,1,1,1,,1,1,,254
1783,鴨川中学校,千葉県鴨川市広場2201,千葉県,鴨川市,1,1,1,1,1,1,1,1,1,661
1784,東条小学校,千葉県鴨川市西町364,千葉県,鴨川市,1,1,1,1,1,1,1,1,1,299
1785,広場区集会所,千葉県鴨川市広場819-1,千葉県,鴨川市,1,1,1,,,,1,1,,24
1786,新田公会堂,千葉県鴨川市西町1221-5,千葉県,鴨川市,1,1,1,1,1,,1,1,,88
1787,和泉公会堂,千葉県鴨川市和泉1612,千葉県,鴨川市,1,1,1,1,1,,1,1,,112
1788,東条公民館,千葉県鴨川市広場1588-1,千葉県,鴨川市,1,1,1,1,1,,1,1,1,31
1789,大里神社,千葉県鴨川市大里506,千葉県,鴨川市,1,1,1,1,1,,1,1,,106
1790,西福寺,千葉県鴨川市竹平533,千葉県,鴨川市,1,1,1,1,1,,1,1,,251
1791,太尾青年館,千葉県鴨川市太尾130,千葉県,鴨川市,1,1,1,1,1,,1,1,,24
1792,池田公会堂,千葉県鴨川市池田235-1,千葉県,鴨川市,1,1,1,1,1,,1,1,,56
1793,日摺間公会堂,千葉県鴨川市太田学11-1,千葉県,鴨川市,1,1,1,1,1,,1,1,,21
1794,田原小学校,千葉県鴨川市坂東285,千葉県,鴨川市,1,1,1,1,1,1,1,1,1,294
1795,太田学青年館,千葉県鴨川市太田学372-1,千葉県,鴨川市,1,1,1,1,1,,1,1,,31
1796,田原公民館,千葉県鴨川市太尾368-1,千葉県,鴨川市,1,1,1,1,1,,1,1,1,48
1797,来秀青年館,千葉県鴨川市来秀198,千葉県,鴨川市,1,1,1,1,1,,1,1,,31
1798,川代地区集会所,千葉県鴨川市川代1361,千葉県,鴨川市,1,1,1,1,1,,1,1,,30
1799,北小町青年館,千葉県鴨川市北小町1770-3,千葉県,鴨川市,1,1,1,1,1,,1,1,,56
1800,主基公民館,千葉県鴨川市成川34,千葉県,鴨川市,1,1,1,1,1,,1,1,1,50
1801,旧主基小学校,千葉県鴨川市成川35,千葉県,鴨川市,1,1,1,1,1,1,1,1,1,245
1802,下小原集会所,千葉県鴨川市下小原241,千葉県,鴨川市,1,1,1,1,1,,1,1,,53
1803,上小原青年館,千葉県鴨川市上小原64,千葉県,鴨川市,1,1,1,1,1,,1,1,,29
1804,南小町区民センター,千葉県鴨川市南小町1212,千葉県,鴨川市,1,1,1,1,1,,1,1,,51
1805,長狭学園,千葉県鴨川市宮山176,千葉県,鴨川市,1,1,1,1,1,1,1,1,1,350
1806,長狭認定こども園,千葉県鴨川市松尾寺417,千葉県,鴨川市,1,1,1,1,1,1,1,1,1,285
1807,安国寺,千葉県鴨川市北風原911-1,千葉県,鴨川市,1,1,1,1,1,,1,1,,177
1808,春日神社,千葉県鴨川市北風原307,千葉県,鴨川市,1,1,1,1,1,,1,1,,119
1809,龍江寺,千葉県鴨川市大幡854-1,千葉県,鴨川市,1,1,1,1,1,,1,1,,86
1810,横尾公会堂,千葉県鴨川市横尾38,千葉県,鴨川市,1,1,1,1,1,,1,1,,57
1811,吉尾公民館,千葉県鴨川市松尾寺454-2,千葉県,鴨川市,1,1,1,1,1,,1,1,1,50
1812,真福寺,千葉県鴨川市大幡1177,千葉県,鴨川市,1,1,1,1,1,,1,1,,336
1813,平塚区民センター,千葉県鴨川市平塚1905,千葉県,鴨川市,1,1,1,1,1,,1,1,,49
1814,大山公民館,千葉県鴨川市金束5,千葉県,鴨川市,1,,1,1,1,1,1,1,1,245
1815,奈良林青年館,千葉県鴨川市奈良林455,千葉県,鴨川市,1,1,1,1,1,,1,1,,16
1816,佐野集落センター,千葉県鴨川市佐野209,千葉県,鴨川市,1,1,1,1,1,,1,1,,44
1817,釜沼北集会所,千葉県鴨川市釜沼1029,千葉県,鴨川市,1,1,1,1,1,,1,1,,29
1818,西集会所,千葉県鴨川市西747,千葉県,鴨川市,1,,1,1,1,,1,1,,42
1819,畑青年館,千葉県鴨川市畑933,千葉県,鴨川市,1,1,1,1,1,,1,1,,28
1820,旧曽呂小学校,千葉県鴨川市仲町605-1,千葉県,鴨川市,1,,1,1,1,1,1,1,1,222
1821,曽呂公民館,千葉県鴨川市仲町590-1,千葉県,鴨川市,1,,1,1,1,,1,1,1,46
1822,代集会所,千葉県鴨川市代462,千葉県,鴨川市,1,1,1,1,1,,1,1,,64
1823,江見小学校,千葉県鴨川市宮1451-1,千葉県,鴨川市,1,,1,1,1,1,1,1,1,403
1824,鴨川青少年自然の家,千葉県鴨川市太海122-1,千葉県,鴨川市,1,,1,1,1,,1,1,1,396
1825,太海公民館,千葉県鴨川市太海2030-2,千葉県,鴨川市,1,1,1,1,1,,1,1,1,44
1826,天面善光寺,千葉県鴨川市天面163-1,千葉県,鴨川市,1,1,1,1,1,,1,1,,100
1827,太夫崎集会所,千葉県鴨川市江見太夫崎292-2,千葉県,鴨川市,1,1,1,1,1,,1,1,,23
1828,吉浦青年館,千葉県鴨川市江見吉浦47-1,千葉県,鴨川市,1,,1,1,1,,1,1,,35
1829,西山集会所,千葉県鴨川市西山94,千葉県,鴨川市,1,1,1,1,1,,1,1,,29
1830,北区公会堂,千葉県鴨川市西江見680-1,千葉県,鴨川市,1,1,1,1,1,,1,1,,28
1831,東組集会所,千葉県鴨川市江見東真門412-1,千葉県,鴨川市,1,1,1,1,1,,1,1,,21
1832,旧江見小学校,千葉県鴨川市東江見308,千葉県,鴨川市,1,1,1,1,1,1,1,1,1,245
1833,江見公民館,千葉県鴨川市東江見376-5,千葉県,鴨川市,1,1,1,,,,1,1,1,53
1834,神明神社,千葉県鴨川市天津2954,千葉県,鴨川市,1,1,1,1,1,,1,1,,432
1835,日澄寺,千葉県鴨川市天津1850,千葉県,鴨川市,1,,1,1,1,,1,1,,144
1836,海福寺,千葉県鴨川市天津1553-1,千葉県,鴨川市,1,,1,1,1,,1,1,,70
1837,萬福寺,千葉県鴨川市天津1276-1,千葉県,鴨川市,1,,1,1,1,,1,1,,80
1838,新町青年館,千葉県鴨川市天津2029-2,千葉県,鴨川市,1,1,1,,,,1,1,,31
1839,谷町コミュニティセンター,千葉県鴨川市天津1848-1,千葉県,鴨川市,1,1,1,,,,1,1,,26
1840,天津小湊認定こども園,千葉県鴨川市天津1208-1,千葉県,鴨川市,1,,1,1,1,,1,1,,160
1841,芝町コミュニティセンター,千葉県鴨川市天津1016,千葉県,鴨川市,1,1,1,1,1,,1,1,,45
1842,坂本鳥居館,千葉県鴨川市天津3459-5,千葉県,鴨川市,1,,1,1,1,,1,1,,13
1843,わんぱくハウス,千葉県鴨川市天津78,千葉県,鴨川市,1,,1,1,1,,1,1,,81
1844,引土青年館,千葉県鴨川市天津70,千葉県,鴨川市,1,1,1, , ,,1,1,,33
1845,浜荻西青年館,千葉県鴨川市浜荻1145-1,千葉県,鴨川市,1,1,1,1,1,,1,1,,37
1846,天津小湊公民館,千葉県鴨川市天津1092-7,千葉県,鴨川市,1,1,1,1,1,,1,1,1,43
1847,安房東中学校,千葉県鴨川市天津1033,千葉県,鴨川市,1,1,1,1,1,1,1,1,1,602
1848,天津小湊小学校,千葉県鴨川市天津1166,千葉県,鴨川市,1,,1,1,1,1,1,1,1,375
1849,天津小湊保健福祉センター,千葉県鴨川市天津163-1,千葉県,鴨川市,1,1,1,,,,1,1,,48
1850,貴船神社,千葉県鴨川市浜荻1185,千葉県,鴨川市,1,,1,1,1,,1,1,,228
1851,薬師堂,千葉県鴨川市浜荻1288-1,千葉県,鴨川市,1,,1,1,1,,1,1,,45
1852,大萩神社,千葉県鴨川市内浦354-1,千葉県,鴨川市,1,,1,1,1,,1,1,,37
1853,高生寺,千葉県鴨川市内浦544,千葉県,鴨川市,1,1,1,1,1,,1,1,,112
1854,西蓮寺,千葉県鴨川市内浦1726,千葉県,鴨川市,1,,1,1,1,,1,1,,138
1855,旧小湊小学校,千葉県鴨川市内浦1923,千葉県,鴨川市,1,1,1,1,1,1,1,1,1,213
1856,吾妻神社,千葉県鴨川市内浦1806,千葉県,鴨川市,1,1,1,1,1,,1,1,,42
1857,コミュニティセンター小湊,千葉県鴨川市内浦563,千葉県,鴨川市,1,1,1,,,,1,1,1,104
1858,誕生寺布教殿堂,千葉県鴨川市小湊183,千葉県,鴨川市,1,,1,1,1,,1,1,,54
1859,妙蓮寺,千葉県鴨川市小湊129-1,千葉県,鴨川市,1,,1,1,1,,1,1,,174
1860,大萩青年館,千葉県鴨川市内浦468,千葉県,鴨川市,1,1,1,,,,1,1,,27
1861,奧谷青年館,千葉県鴨川市内浦1310-1,千葉県,鴨川市,1,,1,1,1,,1,1,,50
1862,善龍寺,千葉県鴨川市内浦2738,千葉県,鴨川市,1,,1,1,1,,1,1,,41
1863,内浦山県民の森,千葉県鴨川市内浦3228,千葉県,鴨川市,1,1,1,1,1,1,1,1,,3255
1864,清澄寺,千葉県鴨川市清澄322-1,千葉県,鴨川市,1,1,1,1,1,,1,1,,594
1865,四方木ふれあい館,千葉県鴨川市四方木367-2,千葉県,鴨川市,1,1,1,1,1,,1,1,1,38
1866,清澄憩いの家,千葉県鴨川市清澄155,千葉県,鴨川市,1,1,1,1,1,,1,1,1,29
1867,初富小学校,千葉県鎌ケ谷市東初富１‐２０‐１,千葉県,鎌ケ谷市,1,1,,1,,,1,,1,457人(1人/2㎡)
1868,南部小学校,千葉県鎌ケ谷市中沢７２６,千葉県,鎌ケ谷市,1,1,,1,,,1,,1,3186人(1人/2㎡)
1869,鎌ケ谷市民体育館,千葉県鎌ケ谷市初富８６０‐３,千葉県,鎌ケ谷市,1,1,,1,,,1,,1,4947人(1人/2㎡)
1870,鎌ケ谷小学校,千葉県鎌ケ谷市中央２‐１‐１,千葉県,鎌ケ谷市,1,1,,1,,,1,,1,3919人(1人/2㎡)
1871,第四中学校,千葉県鎌ケ谷市中沢１０２４‐１,千葉県,鎌ケ谷市,1,1,,1,,,1,,1,4340人(1人/2㎡)
1872,東部小学校,千葉県鎌ケ谷市鎌ケ谷８‐３‐１１,千葉県,鎌ケ谷市,1,1,,1,,,1,,1,2724人(1人/2㎡)
1873,西部小学校,千葉県鎌ケ谷市初富１１０,千葉県,鎌ケ谷市,1,1,,1,,,1,,1,2857人(1人/2㎡)
1874,鎌ケ谷カントリークラブ,千葉県鎌ケ谷市中沢１３３８‐３,千葉県,鎌ケ谷市,1,1,,1,,,1,,,10700人(1人/2㎡)
1875,鎌ケ谷西高等学校,千葉県鎌ケ谷市初富２８４‐７,千葉県,鎌ケ谷市,1,1,,1,,,1,,1,10036人(1人/2㎡)
1876,中部小学校,千葉県鎌ケ谷市道野辺中央３‐１２‐３,千葉県,鎌ケ谷市,1,1,,1,,,1,,1,3443人(1人/2㎡)
1877,五本松小学校,千葉県鎌ケ谷市南初富１‐１６‐１,千葉県,鎌ケ谷市,1,1,,1,,,1,,1,3507人(1人/2㎡)
1878,第五中学校,千葉県鎌ケ谷市初富８０６‐２６２,千葉県,鎌ケ谷市,1,1,,1,,,1,,1,9132人(1人/2㎡)
1879,道野辺小学校,千葉県鎌ケ谷市東道野辺５‐５‐１,千葉県,鎌ケ谷市,1,1,,1,,,1,,1,2997人(1人/2㎡)
1880,第三中学校,千葉県鎌ケ谷市粟野４５０,千葉県,鎌ケ谷市,1,1,,1,,,1,,1,7752人(1人/2㎡)
1881,市制記念公園,千葉県鎌ケ谷市初富９２４‐６,千葉県,鎌ケ谷市,1,1,,1,,,1,,,16500人(1人/2㎡)
1882,鎌ケ谷中学校,千葉県鎌ケ谷市富岡１‐２‐１,千葉県,鎌ケ谷市,1,1,,1,,,1,,1,5368人(1人/2㎡)
1883,南初富保育園,千葉県鎌ケ谷市東初富２‐６‐５０,千葉県,鎌ケ谷市,1,1,,1,,,1,,1,1053人(1人/2㎡)
1884,鎌ケ谷高等学校,千葉県鎌ケ谷市東道野辺１‐４‐１,千葉県,鎌ケ谷市,1,1,,1,,,1,,1,11319人(1人/2㎡)
1885,第二中学校,千葉県鎌ケ谷市東道野辺４‐１９‐２６,千葉県,鎌ケ谷市,1,1,,1,,,1,,1,4721人(1人/2㎡)
1886,北部小学校,千葉県鎌ケ谷市粟野７３５,千葉県,鎌ケ谷市,1,1,,1,,,1,,1,2868人(1人/2㎡)
1887,道野辺保育園,千葉県鎌ケ谷市道野辺中央５‐７‐１０,千葉県,鎌ケ谷市,1,1,,1,,,1,,1,1203人(1人/2㎡)
1888,くぬぎ山公園,千葉県鎌ケ谷市くぬぎ山４‐２‐４６‐１０,千葉県,鎌ケ谷市,1,1,,1,,,1,,,1668人(1人/2㎡)
1889,陸上自衛隊松戸駐屯地,千葉県鎌ケ谷市松戸市五香六実１７,千葉県,鎌ケ谷市,1,1,,1,,,1,,,9750人(1人/2㎡)
1890,海上自衛隊下総航空基地,千葉県柏市藤ヶ谷1614-1,千葉県,鎌ケ谷市,1,1,,1,,,1,,1,3500人(1人/2㎡)
1891,外箕輪小学校,千葉県君津市外箕輪1-34-1,千葉県,君津市,1,1,1,1,1,,,,1,4445
1892,生涯学習交流センター,千葉県君津市久保2-13-2,千葉県,君津市,1,1,1,1,1,,,,1,1800
1893,君津中央公園,千葉県君津市久保5-1-1,千葉県,君津市,1,1,1,1,1,,,,,9090
1894,旧久留里中学校,千葉県君津市久留里474,千葉県,君津市,1,1,1,1,1,,,,1,7440
1895,上総小学校,千葉県君津市久留里474,千葉県,君津市,1,1,1,1,1,,,,1,4020
1896,上総地域交流センター,千葉県君津市久留里市場192-5,千葉県,君津市,1,1,1,1,1,,,,1,1170
1897,久留里スポーツ広場,千葉県君津市久留里市場368-1,千葉県,君津市,1,1,1,1,1,,,,,5615
1898,周南中学校,千葉県君津市宮下1-4-1,千葉県,君津市,1,1,1,1,1,,,,1,6255
1899,周南小学校,千葉県君津市宮下2-25-5,千葉県,君津市,1,1,1,1,1,,,,1,5295
1900,旧松丘小学校,千葉県君津市広岡1000,千葉県,君津市,1,1,1,1,1,,,,1,4425
1901,松丘コミュニティセンター,千葉県君津市広岡1840-1,千葉県,君津市,1,1,1,1,1,,,,1,1615
1902,かずさあけぼの保育園,千葉県君津市広岡955-3,千葉県,君津市,1,1,1,1,1,,,,1,1017
1903,旧松丘中学校,千葉県君津市広岡994,千葉県,君津市,1,1,1,1,1,,,,1,5000
1904,小糸公民館,千葉県君津市糠田55,千葉県,君津市,1,1,1,,1,,,,1,1430
1905,旧香木原小学校,千葉県君津市香木原269,千葉県,君津市,1,1,1,,1,,,,1,1195
1906,君津高等学校,千葉県君津市坂田454,千葉県,君津市,1,1,1,1,1,,,,1,11695
1907,旧坂田小学校,千葉県君津市坂田523,千葉県,君津市,1,1,1,1,1,,,,1,6605
1908,周西中学校,千葉県君津市坂田560,千葉県,君津市,1,1,1,1,1,,,,1,9150
1909,緩衝緑地スポーツ広場,千葉県君津市坂田601,千葉県,君津市,1,,1,1,1,,,,,3030
1910,旧亀山中学校,千葉県君津市坂畑223-1,千葉県,君津市,1,1,1,1,1,,,,1,4290
1911,旧坂畑小学校,千葉県君津市坂畑223-2,千葉県,君津市,1,1,1,1,1,,,,1,1825
1912,亀山コミュニティセンター,千葉県君津市坂畑321-1,千葉県,君津市,1,1,1,1,1,,,,1,790
1913,八重原中学校,千葉県君津市三直1305,千葉県,君津市,1,1,1,1,1,,,,1,6640
1914,君津市民文化ホール,千葉県君津市三直622,千葉県,君津市,1,1,1,1,1,,,,,7340
1915,君津高等学校上総キャンパス,千葉県君津市上957,千葉県,君津市,1,1,1,1,1,,,,1,5590
1916,貞元コミュニティセンター,千葉県君津市上湯江1287-3,千葉県,君津市,1,1,1,1,1,,,,1,555
1917,貞元小学校,千葉県君津市上湯江1655,千葉県,君津市,1,1,1,1,1,,,,1,2890
1918,上湯江保育園,千葉県君津市上湯江1716-1,千葉県,君津市,1,1,1,,1,,,,1,720
1919,常代保育園,千葉県君津市常代2-15-1,千葉県,君津市,1,1,1,,1,,,,1,645
1920,神門コミュニティセンター,千葉県君津市人見1462-41,千葉県,君津市,1,1,1,1,,,,,1,515
1921,旧周西幼稚園,千葉県君津市人見1-5-47,千葉県,君津市,1,1,1,,1,,,,1,1215
1922,周西公民館,千葉県君津市人見4-11-21,千葉県,君津市,1,1,1,1,1,,,,1,1225
1923,人見こども園,千葉県君津市人見4-11-28,千葉県,君津市,1,1,1,1,1,,,,1,1210
1924,人見グラウンド,千葉県君津市人見4-11-3,千葉県,君津市,1,1,1,1,1,,,,,8010
1925,旧三島小学校,千葉県君津市正木149,千葉県,君津市,1,1,1,1,1,,,,1,4930
1926,旧秋元小学校,千葉県君津市西粟倉35,千葉県,君津市,1,1,1,1,1,,,,1,3340
1927,清和公民館,千葉県君津市西粟倉57,千葉県,君津市,1,1,1,,1,,,,1,1935
1928,清和スポーツ広場,千葉県君津市西粟倉60,千葉県,君津市,1,1,1,1,1,,,,,370
1929,堺田公園,千葉県君津市西坂田2-11,千葉県,君津市,1,1,1,1,1,,,,,5150
1930,君津青葉高等学校,千葉県君津市青柳48,千葉県,君津市,1,1,1,1,1,,,,1,6645
1931,旧蔵玉小学校,千葉県君津市蔵玉1052,千葉県,君津市,1,1,1,,1,,,,1,1150
1932,久保保育園,千葉県君津市台2-15-16,千葉県,君津市,1,1,1,,1,,,,1,540
1933,旧小糸小学校,千葉県君津市大井戸1061,千葉県,君津市,1,1,1,1,1,,,,1,3825
1934,小糸保育園,千葉県君津市大井戸467-2,千葉県,君津市,1,1,1,,1,,,,1,535
1935,周南公民館,千葉県君津市大山野26,千葉県,君津市,1,1,1,,1,,,,1,1020
1936,日本製鉄㈱大和田グラウンド,千葉県君津市大和田324,千葉県,君津市,1,,1,1,1,,,,,14505
1937,周西の丘小学校,千葉県君津市大和田425,千葉県,君津市,1,1,1,1,1,,,,1,7955
1938,中保育園,千葉県君津市中島252-1,千葉県,君津市,1,1,1,,1,,,,1,650
1939,学校給食共同調理場,千葉県君津市中島364-1,千葉県,君津市,1,1,1,1,1,,,,,428
1940,小糸小学校,千葉県君津市中島678,千葉県,君津市,1,1,1,1,1,,,,1,3690
1941,周西南中学校,千葉県君津市中野2-30-1,千葉県,君津市,1,1,1,1,1,,,,1,5910
1942,周西小学校,千葉県君津市中野3-14-1,千葉県,君津市,1,1,1,1,1,,,,1,5095
1943,周東中学校,千葉県君津市塚原120,千葉県,君津市,1,1,1,1,1,,,,1,4125
1944,小糸スポーツ広場,千葉県君津市塚原51,千葉県,君津市,1,1,1,1,1,,,,,4235
1945,貞元グラウンド,千葉県君津市貞元290-1,千葉県,君津市,1,1,1,1,1,,,,,7860
1946,旧福野小学校,千葉県君津市怒田923,千葉県,君津市,1,,1,,1,,,,1,375
1947,清和保育園,千葉県君津市東日笠515,千葉県,君津市,1,1,1,,1,,,,1,480
1948,清和小学校,千葉県君津市東日笠522,千葉県,君津市,1,1,1,1,1,,,,1,6140
1949,内みのわ運動公園,千葉県君津市内箕輪1-1-1,千葉県,君津市,1,1,1,1,1,,,,1,8275
1950,旧内箕輪保育園,千葉県君津市内蓑輪61-1,千葉県,君津市,1,1,1,,1,,,,1,895
1951,旧南子安保育園,千葉県君津市南子安3-27-1,千葉県,君津市,1,1,1,,1,,,,1,570
1952,南子安小学校,千葉県君津市南子安5-10-1,千葉県,君津市,1,1,1,1,1,,,,1,4650
1953,八重原小学校,千葉県君津市南子安9-17-1,千葉県,君津市,1,1,1,1,1,,,,1,7480
1954,八重原公民館,千葉県君津市南子安9-17-2,千葉県,君津市,1,1,1,1,1,,,,1,1665
1955,上総小櫃中学校,千葉県君津市俵田1110,千葉県,君津市,1,1,1,1,1,,,,1,4735
1956,小櫃小学校,千葉県君津市俵田1416,千葉県,君津市,1,1,1,1,1,,,,1,4560
1957,北子安小学校,千葉県君津市北子安853,千葉県,君津市,1,1,1,1,1,,,,1,4660
1958,小櫃スポーツ広場,千葉県君津市末吉1005-1,千葉県,君津市,1,1,1,1,1,,,,,6275
1959,小櫃公民館,千葉県君津市末吉128,千葉県,君津市,1,1,1,,1,,,,1,1390
1960,小櫃保育園,千葉県君津市末吉437-1,千葉県,君津市,1,1,1,1,1,,,,1,785
1961,君津中学校,千葉県君津市杢師1-10-1,千葉県,君津市,1,1,1,1,1,,,,1,6720
1962,生きがい支援センター,千葉県君津市糠田103-1,千葉県,君津市,1,1,1,1,1,,,,1,590
1963,老人憩いの家　すえよし,千葉県君津市末吉1068-3,千葉県,君津市,1,1,1,1,1,,,,1,307
1964,神門公園,千葉県君津市人見1154,千葉県,君津市,,1,,1,1,,,,,602
1965,富津小学校（運動場）,千葉県富津市富津396-2,千葉県,富津市,1,1,1,1,1,,,,1,7152（２㎡あたり１人）
1966,富津老人憩の家（駐車場）,千葉県富津市富津679-85,千葉県,富津市,1,1,1,1,,,,,1,450（２㎡あたり１人）
1967,日本製鉄（株）富津寮（２階、３階通路、屋上）,千葉県富津市富津679-101、102,千葉県,富津市,,,,,1,,,,,842（２㎡あたり１人）
1968,富津運動広場,千葉県富津市富津680-1,千葉県,富津市,1,1,1,1,,,,,,4924（２㎡あたり１人）
1969,県立富津公園駐車場（第１～４駐車場）,千葉県富津市富津2280,千葉県,富津市,1,1,,1,,,,,,10222（２㎡あたり１人）
1970,県立富津公園中の島,千葉県富津市富津2280,千葉県,富津市,1,1,1,,1,,,,,1500（２㎡あたり１人）
1971,富津臨港公園,千葉県富津市富津2668,千葉県,富津市,1,1,,1,,,,,,1353（２㎡あたり１人）
1972,富津公民館（駐車場）,千葉県富津市新井932-34,千葉県,富津市,1,1,,1,,,,,1,3252（２㎡あたり１人）
1973,望みの門本館（駐車場、屋上）,千葉県富津市川名1436,千葉県,富津市,1,1,1,1,1,,,,,670（２㎡あたり１人）
1974,若葉公園,千葉県富津市大堀1107-2,千葉県,富津市,,1,,1,1,,,,,1250（２㎡あたり１人）
1975,（株）高田工業所君津支社富津寮（１号館２～６階廊下、２号館２～３階廊下）,千葉県富津市大堀1107-51,千葉県,富津市,1,1,1,1,1,,,,,186（２㎡あたり１人）
1976,（株）基行富津寮（３～６階廊下、屋上）,千葉県富津市大堀1107-52,千葉県,富津市,1,,1,,,,,,,363（１㎡あたり１人）
1977,青堀児童遊園地,千葉県富津市大堀1822-2,千葉県,富津市,1,1,1,1,1,,,,,998（２㎡あたり１人）
1978,青堀小学校（運動場）,千葉県富津市大堀2042-4,千葉県,富津市,1,1,1,1,1,,,,1,4067（２㎡あたり１人）
1979,青堀駅裏公園,千葉県富津市大堀2214,千葉県,富津市,1,1,1,1,1,,,,,1739（２㎡あたり１人）
1980,基行ビル（２～4階廊下、屋上）,千葉県富津市大堀1-10-6,千葉県,富津市,1,,1,,,,,,,302（２㎡あたり１人）
1981,大堀第１号公園,千葉県富津市大堀1-11,千葉県,富津市,,1,1,1,1,,,,,5000（２㎡あたり１人）
1982,青堀ふれあいシニア館（駐車場）,千葉県富津市大堀1-25-1,千葉県,富津市,,1,,1,1,,,,1,317（２㎡あたり１人）
1983,大堀第２号公園,千葉県富津市大堀1-26,千葉県,富津市,,1,,1,1,,,,,667（２㎡あたり１人）
1984,大堀第３号公園,千葉県富津市大堀2-11,千葉県,富津市,1,1,1,1,1,,,,,515（２㎡あたり１人）
1985,大堀第４号公園,千葉県富津市大堀2-30,千葉県,富津市,,1,,1,1,,,,,993（２㎡あたり１人）
1986,大堀第５号公園,千葉県富津市大堀3-8,千葉県,富津市,1,1,1,1,1,,,,,707（２㎡あたり１人）
1987,市役所富津連絡所跡地,千葉県富津市青木1561,千葉県,富津市,1,1,1,1,1,,,,,730（２㎡あたり１人）
1988,ＰＬＡＺＡ　ＤＯＦⅡ（駐車場）,千葉県富津市青木1-3-2,千葉県,富津市,,1,,1,1,,,,,9385（２㎡あたり１人）
1989,青木公園,千葉県富津市青木2-10-12,千葉県,富津市,1,1,,1,1,,,,,2878（２㎡あたり１人）
1990,飯野小学校（運動場）,千葉県富津市下飯野154,千葉県,富津市,1,1,1,1,1,,,,1,6637（２㎡あたり１人）
1991,飯野コミュニティセンター（施設前広場）,千葉県富津市下飯野203-1,千葉県,富津市,1,1,1,1,1,,,,1,1500（２㎡あたり１人）
1992,飯野保育所（園庭）,千葉県富津市下飯野332-6,千葉県,富津市,1,1,1,1,1,,,,1,837（２㎡あたり１人）
1993,旧飯野運動広場,千葉県富津市下飯野942-1,千葉県,富津市,1,1,1,1,1,,,,,3441（２㎡あたり１人）
1994,富津中学校（運動場）,千葉県富津市下飯野1283-1,千葉県,富津市,1,1,1,1,1,,,,1,10189（２㎡あたり１人）
1995,市役所（市民駐車場）,千葉県富津市下飯野2443,千葉県,富津市,1,1,1,1,1,,,,,2200（２㎡あたり１人）
1996,飯野児童遊園地,千葉県富津市本郷803-1,千葉県,富津市,,,1,1,1,,,,,955（２㎡あたり１人）
1997,総合社会体育館（駐車場）,千葉県富津市新富80-4,千葉県,富津市,1,1,,1,,,,,1,5501（２㎡あたり１人）
1998,新富運動広場,千葉県富津市新富80-5,千葉県,富津市,1,1,,1,,,,,,24860（２㎡あたり１人）
1999,市民ふれあい公園（管理棟前駐車場）,千葉県富津市新富146-2,千葉県,富津市,1,1,,1,1,,,,,2250（２㎡あたり１人）
2000,市民ふれあい公園ビジターセンター（市民ふれあい公園第４駐車場）,千葉県富津市新富152-5,千葉県,富津市,1,1,,1,1,,,,1,1150（２㎡あたり１人）
2001,大貫小学校（運動場）,千葉県富津市小久保114,千葉県,富津市,1,1,1,1,1,,,,1,6397（２㎡あたり１人）
2002,中央公民館（駐車場）,千葉県富津市小久保3014,千葉県,富津市,1,1,1,1,1,,,,1,464（２㎡あたり１人）
2003,大佐和中学校（運動場）,千葉県富津市岩瀬619,千葉県,富津市,1,1,1,1,1,,,,1,12102（２㎡あたり１人）
2004,岩瀬児童遊園地,千葉県富津市岩瀬995-22,千葉県,富津市,1,1,1,1,,,,,,590（２㎡あたり１人）
2005,君津商業高等学校（運動場）,千葉県富津市岩瀬1172,千葉県,富津市,1,1,1,1,1,,,,1,8241（２㎡あたり１人）
2006,大貫ふれあいシニア館（駐車場）,千葉県富津市千種新田346-1,千葉県,富津市,1,1,1,1,1,,,,1,102（２㎡あたり１人）
2007,吉野小学校（運動場）,千葉県富津市絹176-3,千葉県,富津市,1,1,1,1,1,,,,1,6554（２㎡あたり１人）
2008,吉野保育所（園庭）,千葉県富津市絹656-2,千葉県,富津市,1,1,1,1,1,,,,1,601（２㎡あたり１人）
2009,旧佐貫中学校（運動場）,千葉県富津市佐貫26,千葉県,富津市,1,1,1,1,1,,,,1,5514（２㎡あたり１人）
2010,佐貫保育所（園庭）,千葉県富津市佐貫143-2,千葉県,富津市,1,1,1,1,1,,,,1,265（２㎡あたり１人）
2011,佐貫コミュニティセンター（駐車場）,千葉県富津市亀田368-1,千葉県,富津市,1,,1,1,1,,,,1,159（２㎡あたり１人）
2012,佐貫小学校（運動場）,千葉県富津市鶴岡989-1,千葉県,富津市,1,1,1,1,1,,,,1,5204（２㎡あたり１人）
2013,鶴峯八幡神社（神社前駐車場）,千葉県富津市八幡143,千葉県,富津市,1,1,1,1,1,,,,,115（２㎡あたり１人）
2014,消防団第７分団第１部詰所（詰所前広場）,千葉県富津市湊260,千葉県,富津市,1,1,1,1,1,,,,,803（２㎡あたり１人）
2015,市民会館（駐車場）,千葉県富津市湊765-1,千葉県,富津市,1,1,1,1,1,,,,1,1470（２㎡あたり１人）
2016,浅間山運動公園（駐車場）,千葉県富津市湊1247-2,千葉県,富津市,1,1,1,1,1,,,,,1000（２㎡あたり１人）
2017,天羽高等学校（運動場）,千葉県富津市数馬229,千葉県,富津市,,1,1,1,,,,,1,5404（２㎡あたり１人）
2018,中央保育所（園庭）,千葉県富津市数馬579,千葉県,富津市,1,1,1,1,1,,,,1,339（２㎡あたり１人）
2019,天羽小学校（運動場）,千葉県富津市数馬581-1,千葉県,富津市,1,1,1,1,1,,,,1,6377（２㎡あたり１人）
2020,天羽中学校（運動場）,千葉県富津市岩坂109,千葉県,富津市,1,1,1,1,1,,,,1,8064（２㎡あたり１人）
2021,地域交流支援センター「カナリエ」（駐車場）,千葉県富津市岩坂487-5,千葉県,富津市,1,1,1,1,1,,,,1,368（２㎡あたり１人）
2022,旧天神山小学校（運動場）,千葉県富津市花輪104,千葉県,富津市,1,1,1,1,1,,,,1,3153（２㎡あたり１人）
2023,天神山コミュニティセンター（駐車場）,千葉県富津市不入斗1697-1,千葉県,富津市,1,1,1,1,1,,,,1,381（２㎡あたり１人）
2024,消防団第８分団第１部機庫（機庫前広場）,千葉県富津市相川1497-3,千葉県,富津市,1,1,1,1,1,,,,,32（２㎡あたり１人）
2025,竹岡保育所（園庭）,千葉県富津市竹岡403-1,千葉県,富津市,1,1,1,1,,,,,1,565（２㎡あたり１人）
2026,竹岡子どもの遊び場,千葉県富津市竹岡445,千葉県,富津市,1,1,1,1,,,,,,303（２㎡あたり１人）
2027,竹岡コミュニティセンター（駐車場）,千葉県富津市竹岡473-1,千葉県,富津市,1,1,1,1,,,,,1,165（２㎡あたり１人）
2028,旧竹岡小学校（運動場）,千葉県富津市竹岡757,千葉県,富津市,1,1,1,1,1,,,,1,2784（２㎡あたり１人）
2029,竹岡第６区集会所（集会所前広場）,千葉県富津市萩生1104-17,千葉県,富津市,1,1,1,1,1,,,,1,21（２㎡あたり１人）
2030,金谷コミュニティセンター（駐車場）,千葉県富津市金谷2197-18,千葉県,富津市,1,1,1,1,,,,,1,195（２㎡あたり１人）
2031,旧金谷小学校（体育館、運動場）,千葉県富津市金谷2254-3,千葉県,富津市,1,,1,1,,,,,1,3936（２㎡あたり１人）
2032,TJKリゾート金谷城（体育館、駐車場）,千葉県富津市金谷4111-1,千葉県,富津市,,,,,1,,,,,1124（２㎡あたり１人）
2033,峰上保育所（園庭）,千葉県富津市上後305,千葉県,富津市,1,1,1,1,1,,,,1,915（２㎡あたり１人）
2034,環小学校（運動場）,千葉県富津市上後328,千葉県,富津市,1,1,1,1,1,,,,1,2199（２㎡あたり１人）
2035,旧天羽東中学校（運動場）,千葉県富津市上後395,千葉県,富津市,1,1,1,1,1,,,,1,6999（２㎡あたり１人）
2036,消防団第１１分団第２部詰所（詰所前広場）,千葉県富津市志駒531-1,千葉県,富津市,1,1,1,1,1,,,,,107（２㎡あたり１人）
2037,旧環南小学校（運動場）,千葉県富津市志駒1189,千葉県,富津市,1,1,1,1,1,,,,1,1716（２㎡あたり１人）
2038,関豊ふれあいシニア館（駐車場）,千葉県富津市豊岡1355-1,千葉県,富津市,,1,1,1,1,,,,1,358（２㎡あたり１人）
2039,わかあゆの郷（体育館）,千葉県富津市豊岡1432-1,千葉県,富津市,1,1,1,1,1,,,,1,351（２㎡あたり１人）
2040,天羽養護老人ホーム（駐車場）,千葉県富津市豊岡1728-1,千葉県,富津市,1,1,1,1,1,,,,,1408（２㎡あたり１人）
2041,市民の森（芝生広場）,千葉県富津市豊岡2785-1,千葉県,富津市,1,1,1,1,1,,,,1,1826（２㎡あたり１人）
2042,イオンモール富津,千葉県富津市青木1-5-1,千葉県,富津市,1,1,,1,1,,,,,970（２㎡あたり１人）
2043,若潮公園,千葉県浦安市美浜2－15－1,千葉県,浦安市,,,,1,,1,,,,想定なし
2044,高洲中央公園,千葉県浦安市高洲4-1-1,千葉県,浦安市,,,,1,,1,,,,想定なし
2045,高洲太陽の丘公園,千葉県浦安市高洲2-7,千葉県,浦安市,,,,1,,1,,,,想定なし
2046,海楽公園,千葉県浦安市海楽2－36,千葉県,浦安市,,,,1,,1,,,,想定なし
2047,浦安市運動公園,千葉県浦安市舞浜２-27,千葉県,浦安市,,,,1,,1,,,1,想定なし
2048,大三角公園,千葉県浦安市舞浜3－37,千葉県,浦安市,,,,1,,1,,,,想定なし
2049,舞浜公園,千葉県浦安市舞浜2－1,千葉県,浦安市,,,,1,,1,,,,想定なし
2050,中央公園,千葉県浦安市富岡4－25,千葉県,浦安市,,,,1,,1,,,,想定なし
2051,美浜公園,千葉県浦安市美浜5－14,千葉県,浦安市,,,,1,,1,,,,想定なし
2052,美浜運動公園,千葉県浦安市入船5－46,千葉県,浦安市,,,,1,,1,,,,想定なし
2053,今川球技場,千葉県浦安市今川3－12,千葉県,浦安市,,,,1,,1,,,,想定なし
2054,今川トリム公園,千葉県浦安市今川3－12,千葉県,浦安市,,,,1,,1,,,,想定なし
2055,明海の丘公園,千葉県浦安市明海3-1,千葉県,浦安市,,,,1,,1,,,,想定なし
2056,総合公園,千葉県浦安市明海7-2,千葉県,浦安市,,,,1,,1,,,,想定なし
2057,弁天ふれあいの森公園,千葉県浦安市弁天4-13,千葉県,浦安市,,,,1,,1,,,,想定なし
2058,日の出おひさま公園,千葉県浦安市日の出5-2,千葉県,浦安市,,,,1,,1,,,,想定なし
2059,日の出北公園,千葉県浦安市日の出３－２,千葉県,浦安市,,,,1,,1,,,,想定なし
2060,浦安公園,千葉県浦安市猫実１－２,千葉県,浦安市,,,,1,,1,,,,想定なし
2061,高洲海浜公園,千葉県浦安市高洲９－１８,千葉県,浦安市,,,,1,,1,,,,想定なし
2062,南小学校,千葉県四街道市物井1536番地,千葉県,四街道市,1,1,,1,,1,1,,1,1889
2063,八木原小学校,千葉県四街道市千代田5-4,千葉県,四街道市,1,1,,1,,1,1,,1,5815
2064,千代田中学校,千葉県四街道市千代田5-27,千葉県,四街道市,1,1,,1,,1,1,,1,5364
2065,栗山小学校,千葉県四街道市つくし座3-1-8,千葉県,四街道市,1,1,,1,,1,1,,1,3131
2066,四街道北中学校,千葉県四街道市栗山1055番地,千葉県,四街道市,1,1,,1,,1,1,,1,5660
2067,四街道北高等学校,千葉県四街道市栗山1055-4,千葉県,四街道市,1,1,,1,,1,1,,1,6322
2068,千葉盲学校,千葉県四街道市大日468-1,千葉県,四街道市,1,1,,1,,1,1,,,2998
2069,四街道高等学校,千葉県四街道市鹿渡809-2,千葉県,四街道市,1,1,,1,,1,1,,1,9419
2070,中央小学校,千葉県四街道市鹿渡917番地,千葉県,四街道市,1,1,,1,,1,1,,1,4715
2071,四街道中央公園,千葉県四街道市鹿渡無番地,千葉県,四街道市,1,1,,1,,1,1,,,6871
2072,四街道中学校,千葉県四街道市めいわ1-3,千葉県,四街道市,1,1,,1,,1,1,,1,6275
2073,千葉敬愛高等学校,千葉県四街道市四街道1522番地,千葉県,四街道市,1,1,,1,,1,1,,1,4552
2074,愛国学園大学附属四街道高等学校,千葉県四街道市四街道1532-16,千葉県,四街道市,1,1,,1,,1,1,,1,4209
2075,四街道小学校,千葉県四街道市四街道1557番地,千葉県,四街道市,1,1,,1,,1,1,,1,3976
2076,四街道西中学校,千葉県四街道市大日23番地,千葉県,四街道市,1,1,,1,,1,1,,1,3484
2077,大日小学校,千葉県四街道市大日978番地,千葉県,四街道市,1,1,,1,,1,1,,1,4388
2078,和良比小学校,千葉県四街道市美しが丘3-12,千葉県,四街道市,1,1,,1,,1,1,,1,3504
2079,四和小学校,千葉県四街道市和良比228番地,千葉県,四街道市,1,1,,1,,1,1,,1,2197
2080,山梨小学校,千葉県四街道市旭ケ丘1-9-12,千葉県,四街道市,1,1,,1,,1,1,,1,2461
2081,旭小学校,千葉県四街道市山梨1485番地,千葉県,四街道市,1,1,,1,,1,1,,1,2903
2082,みそら小学校,千葉県四街道市みそら2-13,千葉県,四街道市,1,1,,1,,1,1,,1,4288
2083,旭中学校,千葉県四街道市南波佐間267番地,千葉県,四街道市,1,1,,1,,1,1,,1,6990
2084,吉岡小学校,千葉県四街道市鷹の台3-2,千葉県,四街道市,1,1,,1,,1,1,,1,3762
2085,四街道総合公園,千葉県四街道市和田161番地,千葉県,四街道市,1,1,,1,,1,1,,1,43572
2086,昭和小学校,袖ケ浦市坂戸市場1431,千葉県,袖ケ浦市,1,1,1,1,1,,,,1,5260
2087,市民会館,袖ケ浦市坂戸市場1566,千葉県,袖ケ浦市,1,1,1,1,1,,,,1,1590
2088,奈良輪小学校,袖ケ浦市奈良輪425-1,千葉県,袖ケ浦市,,1,,1,,,,,1,7340
2089,袖ケ浦高校,袖ケ浦市神納530,千葉県,袖ケ浦市,1,1,1,1,1,,,,1,11000
2090,昭和中学校,袖ケ浦市神納3204,千葉県,袖ケ浦市,1,1,1,1,1,,,,1,9910
2091,蔵波小学校,袖ケ浦市蔵波台4-19-1,千葉県,袖ケ浦市,1,1,1,1,1,,,,1,3750
2092,蔵波中学校,袖ケ浦市蔵波2967-2,千葉県,袖ケ浦市,1,1,1,1,1,,,,1,7370
2093,長浦小学校,袖ケ浦市長浦駅前6-1-4,千葉県,袖ケ浦市,1,1,1,1,1,,,,1,3630
2094,長浦中学校,袖ケ浦市久保田129,千葉県,袖ケ浦市,1,1,1,1,1,,,,1,8960
2095,臨海スポーツセンター,袖ケ浦市長浦1-57,千葉県,袖ケ浦市,1,1,,1,,,,,1,1690
2096,長浦公民館,袖ケ浦市蔵波513-1,千葉県,袖ケ浦市,1,1,1,1,1,,,,1,5410
2097,代宿公民館,袖ケ浦市代宿74-1,千葉県,袖ケ浦市,1,1,1,1,1,,,,1,120
2098,根形小学校,袖ケ浦市三ツ作761,千葉県,袖ケ浦市,1,1,1,1,1,,,,1,4840
2099,根形中学校,袖ケ浦市三ツ作741,千葉県,袖ケ浦市,1,1,1,1,1,,,,1,6450
2100,健康づくり支援センター,袖ケ浦市三ツ作1862-12,千葉県,袖ケ浦市,1,1,1,1,1,,,,1,1820
2101,根形公民館,袖ケ浦市下新田1277,千葉県,袖ケ浦市,1,1,1,1,1,,,,1,6450
2102,平岡小学校,袖ケ浦市野里1503,千葉県,袖ケ浦市,1,1,1,1,1,,,,1,3100
2103,平岡公民館,袖ケ浦市野里1563-1,千葉県,袖ケ浦市,1,1,1,1,1,,,,1,8090
2104,幽谷分校,袖ケ浦市川原井470,千葉県,袖ケ浦市,1,1,1,1,1,,,,1,2620
2105,平川公民館,袖ケ浦市横田115-1,千葉県,袖ケ浦市,1,1,1,1,1,,,,1,1750
2106,平川中学校,袖ケ浦市横田500,千葉県,袖ケ浦市,1,1,1,1,1,,,,1,9230
2107,中川小学校,袖ケ浦市横田2583,千葉県,袖ケ浦市,1,1,1,1,1,,,,1,5530
2108,中川幼稚園,袖ケ浦市横田2637,千葉県,袖ケ浦市,,1,1,1,1,,,,1,680
2109,吉野田保育所,袖ケ浦市吉野田198,千葉県,袖ケ浦市,1,1,1,1,1,,,,1,730
2110,富岡分館,袖ケ浦市吉野田622-2,千葉県,袖ケ浦市,1,1,1,1,1,,,,1,740
2111,平川保育所,袖ケ浦市三箇1965,千葉県,袖ケ浦市,1,1,1,1,1,,,,1,257
2112,老人福祉会館,袖ケ浦市飯富2497-1,千葉県,袖ケ浦市,1,1,1,1,1,,,,1,132
2113,八街市スポーツプラザ,千葉県八街市八街い８４－１０,千葉県,八街市,1,1,,1,,1,1,1,1,947
2114,中央公民館,千葉県八街市八街ほ７９６－１,千葉県,八街市,1,1,,1,,1,1,1,1,319
2115,朝陽小学校,千葉県八街市八街は１９－２,千葉県,八街市,1,1,,1,,1,1,1,1,8657
2116,八街東小学校,千葉県八街市八街ほ４０－１,千葉県,八街市,1,1,,1,,1,1,1,1,8566
2117,八街中学校,千葉県八街市八街ほ３５,千葉県,八街市,1,1,,1,,1,1,1,1,16722
2118,交進小学校,千葉県八街市八街ろ１１１－３３,千葉県,八街市,1,1,,1,,1,1,1,1,9697
2119,八街中央中学校,千葉県八街市八街ほ５９１,千葉県,八街市,1,1,,1,,1,1,1,1,16509
2120,実住小学校,千葉県八街市八街ほ３０１,千葉県,八街市,1,1,,1,,1,1,1,1,13088
2121,八街保育園,千葉県八街市八街に１１２,千葉県,八街市,1,1,,1,,1,1,1,1,3855
2122,笹引小学校,千葉県八街市八街へ１９９－１３３,千葉県,八街市,1,1,,1,,1,1,1,1,8917
2123,川上小学校,千葉県八街市大谷流８６７－１,千葉県,八街市,1,1,,1,,1,1,1,1,11067
2124,八街南中学校,千葉県八街市吉倉５９０－１,千葉県,八街市,1,1,,1,,1,1,1,1,17839
2125,二州小学校沖分校,千葉県八街市沖１０３３,千葉県,八街市,1,1,,1,,1,1,1,1,9757
2126,二州小学校,千葉県八街市山田台１,千葉県,八街市,1,1,,1,,1,1,1,1,11718
2127,朝陽保育園,千葉県八街市八街は２１,千葉県,八街市,1,1,,1,,1,1,1,1,3627
2128,交進保育園,千葉県八街市八街ろ１１１,千葉県,八街市,1,1,,1,,1,1,1,1,1826
2129,実住保育園,千葉県八街市八街ほ２１５,千葉県,八街市,1,1,,1,,1,1,1,1,3610
2130,八街北小学校,千葉県八街市泉台３－１７,千葉県,八街市,1,1,,1,,1,1,1,1,7354
2131,八街北中学校,千葉県八街市八街は１８－２,千葉県,八街市,1,1,,1,,1,1,1,1,14855
2132,二州第一保育園,千葉県八街市山田台６７１－１,千葉県,八街市,1,1,,1,,1,1,1,1,1261
2133,二州第二保育園,千葉県八街市四木１９３８,千葉県,八街市,1,1,,1,,1,1,1,1,2171
2134,文違コミュニティセンター,千葉県八街市文違301-144,千葉県,八街市,1,1,,1,,1,1,1,1,54
2135,神田集会所,千葉県八街市八街い５５,千葉県,八街市,1,1,,1,,1,1,1,1,56
2136,コミュニティセンターいさご会館,千葉県八街市砂９１－１,千葉県,八街市,1,1,,1,,1,1,1,1,51
2137,滝台コミュニティセンター,千葉県八街市滝台２５２,千葉県,八街市,1,1,,1,,1,1,1,1,48
2138,松林公民館,千葉県八街市八街い２１３,千葉県,八街市,1,1,,1,,1,1,1,1,57
2139,用草公民館,千葉県八街市用草１０４４－１,千葉県,八街市,1,1,,1,,1,1,1,1,54
2140,八街市役所・総合保健福祉センター,千葉県八街市八街ほ３５－２９,千葉県,八街市,1,1,,1,,1,1,1,,346
2141,けやきの森公園,千葉県八街市八街ほ239-62,千葉県,八街市,1,1,,1,,1,1,1,,11939
2142,八街市南部老人憩いの家,千葉県八街市沖１１２４－２,千葉県,八街市,1,1,,1,,1,1,1,1,4875
2143,松山下公園,千葉県印西市浦部275,千葉県,印西市,,,,1,,1,,,,未算定
2144,本埜スポーツプラザ,千葉県印西市中根1362ー２他,千葉県,印西市,,,,1,,,,,,未算定
2145,印旛中央公園,千葉県印西市瀬戸1504ー1他,千葉県,印西市,,,,1,,,,,,未算定
2146,印旛西部公園,千葉県印西市岩戸2869他,千葉県,印西市,,,,1,,,,,,未算定
2147,松虫姫公園,千葉県印西市舞姫３－2ー1他,千葉県,印西市,,,,1,,,,,,未算定
2148,牧の原公園,千葉県印西市牧の原5丁目1613ー1他,千葉県,印西市,,,,1,,,,,,未算定
2149,泉公園,千葉県印西市泉野3-10２,千葉県,印西市,,,,1,,,,,,未算定
2150,浅間山公園,千葉県印西市小林浅間3-1-10,千葉県,印西市,,,,1,,,,,,未算定
2151,高花公園,千葉県印西市高花5-4,千葉県,印西市,,,,1,,,,,,未算定
2152,多田羅田公園,千葉県印西市内野1-10-1,千葉県,印西市,,,,1,,,,,,未算定
2153,浦幡新田公園,千葉県印西市浦幡新田283-１,千葉県,印西市,,,,1,,,,,,未算定
2154,西の原公園,千葉県印西市西の原1-4,千葉県,印西市,,,,1,,,,,,未算定
2155,草深公園,千葉県印西市原2-4,千葉県,印西市,,,,1,,,,,,未算定
2156,大塚前公園,千葉県印西市小倉台1-385他,千葉県,印西市,,,,1,,,,,,未算定
2157,木下万葉公園,千葉県印西市木下字平台1944他,千葉県,印西市,,,,1,,,,,,未算定
2158,松崎台公園,千葉県印西市松崎台1-23,千葉県,印西市,,,,1,,,,,,未算定
2159,萩原公園,千葉県印西市若萩4-1,千葉県,印西市,,,,1,,,,,,未算定
2160,滝野公園,千葉県印西市滝野4-2-1,千葉県,印西市,,,,1,,,,,,未算定
2161,東の原公園,千葉県印西市東の原3-105,千葉県,印西市,,,,1,,,,,,未算定
2162,別所谷津公園,千葉県印西市牧の原3-2,千葉県,印西市,,,,1,,,,,,未算定
2163,千葉県立北総花の丘公園,千葉県印西市原山１－１２－１,千葉県,印西市,,,,1,,1,,,,未算定
2164,東京電機大学千葉ニュータウンキャンパス,千葉県印西市武西学園台２－１２００,千葉県,印西市,,,,1,,1,,,,未算定
2165,木下交流の杜公園,千葉県印西市木下字平台804,千葉県,印西市,,,,1,,,,,,未算定
2166,白井総合公園,千葉県白井市復1422-10,千葉県,白井市,1,1,,1,,1,,,,"38,900人
(1㎡/1人)"
2167,"白井第一小学校
（グラウンド）",千葉県白井市根105,千葉県,白井市,1,1,,1,,,,,,"7,120人
(1㎡/1人)"
2168,"白井中学校
（グラウンド）",千葉県白井市根54,千葉県,白井市,1,1,,1,,,,,,"10,690人
(1㎡/1人)"
2169,白井コミュニティセンター,千葉県白井市復1458-1,千葉県,白井市,1,1,,,,,,,,"380人
(1㎡/1人)"
2170,白井運動公園,千葉県白井市神々廻1728-1,千葉県,白井市,1,1,,1,,,,,,"52,680人
(1㎡/1人)"
2171,"白井第二小学校
（グラウンド）",千葉県白井市中181-2,千葉県,白井市,1,1,,1,,,,,,"6,600人
(1㎡/1人)"
2172,公民センター,千葉県白井市中98-17,千葉県,白井市,1,1,,,,,,,,"700人
(1㎡/1人)"
2173,"白井第三小学校
（グラウンド）",千葉県白井市根336-15,千葉県,白井市,1,1,,1,,,,,,"9,960人
(1㎡/1人)"
2174,冨士センター,千葉県白井市冨士239-2,千葉県,白井市,1,1,,,,,,,,"1,420人
(1㎡/1人)"
2175,開拓広場,千葉県白井市冨士37,千葉県,白井市,1,1,,1,,,,,,"1,360人
(1㎡/1人)"
2176,"大山口小学校
（グラウンド）",千葉県白井市大山口2-2-1,千葉県,白井市,1,1,,1,,,,,,"9,380人
(1㎡/1人)"
2177,"大山口中学校
（グラウンド）",千葉県白井市大山口2-1-1,千葉県,白井市,1,1,,1,,,,,,"13,890人
(1㎡/1人)"
2178,西白井コミュニティプラザ,千葉県白井市西白井2-16-1,千葉県,白井市,1,1,,,,,,,,"550人
(1㎡/1人)"
2179,富塚公園,千葉県白井市西白井2-17,千葉県,白井市,1,1,,1,,,,,,"3,020人
(1㎡/1人)"
2180,"清水口小学校
（グラウンド）",千葉県白井市清水口2-3-1,千葉県,白井市,1,1,,1,,,,,,"13,760人
(1㎡/1人)"
2181,西白井複合センター,千葉県白井市清水口1-2-1,千葉県,白井市,1,1,,,,,,,,"850人
(1㎡/1人)"
2182,七次第一公園,千葉県白井市清水口2-2,千葉県,白井市,1,1,,1,,,,,,"8,530人
(1㎡/1人)"
2183,"七次台小学校
（グラウンド）",千葉県白井市七次台3-17-1,千葉県,白井市,1,1,,1,,,,,,"10,400人
(1㎡/1人)"
2184,"七次台中学校
（グラウンド）",千葉県白井市七次台1-21-1,千葉県,白井市,1,1,,1,,,,,,"14,270人
(1㎡/1人)"
2185,"池の上小学校
（グラウンド）",千葉県白井市池の上2-21,千葉県,白井市,1,1,,1,,,,,,"10,740人
(1㎡/1人)"
2186,白井木戸公園,千葉県白井市池の上2-22,千葉県,白井市,1,1,,1,,,,,,"13,360人
(1㎡/1人)"
2187,"白井高等学校
（グラウンド）",千葉県白井市池の上1-8-1,千葉県,白井市,1,1,,1,,,,,,"14,000人
(1㎡/1人)"
2188,"南山小学校
（グラウンド）",千葉県白井市南山1-7-1,千葉県,白井市,1,1,,1,,,,,,"14,430人
(1㎡/1人)"
2189,"南山中学校
（グラウンド）",千葉県白井市南山1-6-1,千葉県,白井市,1,1,,1,,,,,,"16,770人
(1㎡/1人)"
2190,白井駅前センター,千葉県白井市堀込1-2-2,千葉県,白井市,1,1,,,,,,,,"420人
(1㎡/1人)"
2191,"南山公園
（噴水広場）",千葉県白井市南山1-4,千葉県,白井市,1,1,,1,,,,,,"4,360人
(1㎡/1人)"
2192,"桜台小学校
（グラウンド）",千葉県白井市桜台3-28,千葉県,白井市,1,1,,1,,,,,,"10,970人
(1㎡/1人)"
2193,"桜台中学校
（グラウンド）",千葉県白井市桜台3-27,千葉県,白井市,1,1,,1,,,,,,"11,920人
(1㎡/1人)"
2194,桜台センター,千葉県白井市桜台2-14,千葉県,白井市,1,1,,,,,,,,"480人
(1㎡/1人)"
2195,旧洗心小学校跡地,千葉県富里市十倉732‐3,千葉県,富里市,,1,,1,,1,,,1,1682
2196,浩養小学校,千葉県富里市十倉185‐54,千葉県,富里市,,1,,1,,1,,,1,1495
2197,根木名小学校,千葉県富里市根木名1005‐3,千葉県,富里市,,1,,1,,1,,,1,2355
2198,獅子穴公園,千葉県富里市七栄646‐115,千葉県,富里市,,1,,1,,1,,,,1002
2199,七栄小学校,千葉県富里市七栄132‐7,千葉県,富里市,,1,,1,,1,,,1,3180
2200,新木戸大銀杏公園,千葉県富里市七栄北新木戸土地区画整理事業地内,千葉県,富里市,,1,,1,,1,,,,2636
2201,日吉台小学校,千葉県富里市日吉台4‐21,千葉県,富里市,,1,,1,,1,,,1,3100
2202,日吉台第１公園,千葉県富里市日吉台一丁目4,千葉県,富里市,,1,,1,,1,,,,971
2203,日吉台第２公園,千葉県富里市日吉台一丁目21,千葉県,富里市,,1,,1,,1,,,,492
2204,日吉台第３公園,千葉県富里市日吉台二丁目18,千葉県,富里市,,1,,1,,1,,,,491
2205,日吉台第４公園,千葉県富里市日吉台四丁目1,千葉県,富里市,,1,,1,,1,,,,1346
2206,日吉台第５公園,千葉県富里市日吉台三丁目19,千葉県,富里市,,1,,1,,1,,,,597
2207,日吉台第６公園,千葉県富里市日吉台三丁目42‐1,千葉県,富里市,,1,,1,,1,,,,1455
2208,日吉台第７公園,千葉県富里市日吉台五丁目24‐1,千葉県,富里市,,1,,1,,1,,,,1397
2209,日吉台第８公園,千葉県富里市日吉台六丁目20‐5,千葉県,富里市,,1,,1,,1,,,,672
2210,日吉台中央公園,千葉県富里市日吉台四丁目4‐1,千葉県,富里市,,1,,1,,1,,,,3775
2211,富里小学校,千葉県富里市七栄720,千葉県,富里市,,1,,1,,1,,,1,2241
2212,富里第一小学校,千葉県富里市中沢573‐1,千葉県,富里市,,1,,1,,1,,,1,3091
2213,富里中央公園（イベント広場）,千葉県富里市七栄652‐12,千葉県,富里市,,1,,1,,1,,,,1750
2214,富里中学校,千葉県富里市七栄652‐226,千葉県,富里市,,1,,1,,1,,,1,7812
2215,富里南小学校,千葉県富里市御料4‐1,千葉県,富里市,,1,,1,,1,,,1,5861
2216,富里南中学校,千葉県富里市十倉127‐38,千葉県,富里市,,1,,1,,1,,,1,6287
2217,富里北中学校,千葉県富里市日吉倉1515‐31,千葉県,富里市,,1,,1,,1,,,1,2498
2218,葉山公園,千葉県富里市御料923‐26,千葉県,富里市,,1,,1,,1,,,,315
2219,"とみうら元気
俱楽部",千葉県南房総市富浦町原岡88-2,千葉県,南房総市,1,1,1,1,,,,,1,"186人
（3㎡あたり1人）"
2220,富浦体育館,千葉県南房総市富浦町青木71,千葉県,南房総市,1,1,1,1,1,,,,1,"455人
（3㎡あたり1人）"
2221,富浦小学校,千葉県南房総市富浦町原岡931,千葉県,南房総市,1,1,1,1,,,,,1,"291人
（3㎡あたり1人）"
2222,富浦子ども園,千葉県南房総市富浦町深名710,千葉県,南房総市,1,1,1,1,1,,,,1,"59人
（3㎡あたり1人）"
2223,富浦中学校,千葉県南房総市富浦町青木249-1,千葉県,南房総市,1,1,1,1,1,,,,1,"208人
（3㎡あたり1人）"
2224,大房岬自然の家,千葉県南房総市富浦町多田良1212-23,千葉県,南房総市,1,1,1,1,1,,,,1,"500人
（3㎡あたり1人）"
2225,富山ふれあいｽﾎﾟｰﾂｾﾝﾀｰ,千葉県南房総市久枝1024,千葉県,南房総市,1,1,1,1,,,,,1,"480人
（3㎡あたり1人）"
2226,富山岩井体育館,千葉県南房総市市部250,千葉県,南房総市,1,1,1,1,1,,,,1,"248人
（3㎡あたり1人）"
2227,富山学園,千葉県南房総市合戸22-1,千葉県,南房総市,1,1,1,1,1,,,,1,"402人
（3㎡あたり1人）"
2228,富山平群ｺﾐｭﾆﾃｨｾﾝﾀｰ,千葉県南房総市平久里中1350－1,千葉県,南房総市,,1,1,1,1,,,,1,"77人
（3㎡あたり1人）"
2229,三芳小学校,千葉県南房総市谷向150,千葉県,南房総市,1,1,1,1,1,,,,1,"181人
（3㎡あたり1人）"
2230,三芳中学校,千葉県南房総市本織60,千葉県,南房総市,1,1,1,1,1,,,,1,"398人
（3㎡あたり1人）"
2231,三芳農村環境改善センター,千葉県南房総市谷向109-1,千葉県,南房総市,1,1,1,1,1,,,,1,"96人
（3㎡あたり1人）"
2232,白浜ｺﾐｭﾆﾃｨｾﾝﾀｰ,千葉県南房総市白浜町白浜14955,千葉県,南房総市,1,1,1,1,,,,,1,"165人
（3㎡あたり1人）"
2233,白浜小学校,千葉県南房総市白浜町白浜3061,千葉県,南房総市,1,1,1,1,1,,,,1,"278人
（3㎡あたり1人）"
2234,白浜中学校,千葉県南房総市白浜町滝口5580-57,千葉県,南房総市,1,1,1,1,1,,,,1,"326人
（3㎡あたり1人）"
2235,千倉総合運動公園,千葉県南房総市千倉町川戸544－8　,千葉県,南房総市,1,1,1,1,1,,,,1,"242人
（3㎡あたり1人）"
2236,千倉七浦体育館,千葉県南房総市千倉町大川638,千葉県,南房総市,1,1,1,1,,,,,1,"177人
（3㎡あたり1人）"
2237,千倉忽戸体育館,千葉県南房総市千倉町忽戸250,千葉県,南房総市,1,1,1,1,,,,,1,"150人
（3㎡あたり1人）"
2238,千倉子ども園,千葉県南房総市千倉町南朝夷1400　,千葉県,南房総市,1,1,1,1,1,,,,1,"178人
（3㎡あたり1人）"
2239,千倉小学校,千葉県南房総市千倉町瀬戸1616,千葉県,南房総市,1,1,1,1,1,,,,1,"264人
（3㎡あたり1人）"
2240,千倉中学校,千葉県南房総市千倉町北朝夷630,千葉県,南房総市,1,1,1,1,1,,,,1,"611人
（3㎡あたり1人）"
2241,ちくら介護予防ｾﾝﾀｰゆらり,千葉県南房総市千倉町瀬戸2705-6,千葉県,南房総市,1,1,1,1,,,,,1,"52人
（3㎡あたり1人）"
2242,嶺南中学校,千葉県南房総市沓見2705,千葉県,南房総市,1,1,1,1,1,,,,1,"273人
（3㎡あたり1人）"
2243,嶺南小学校,千葉県南房総市沓見2705,千葉県,南房総市,1,1,1,1,1,,,,1,"473人
（3㎡あたり1人）"
2244,子育て支援センターほのぼの,千葉県南房総市珠師ヶ谷 1289-13,千葉県,南房総市,1,1,1,1,1,,,,1,"151人
（3㎡あたり1人）"
2245,丸山公民館・丸山児童体育館,千葉県南房総市岩糸2489,千葉県,南房総市,1,1,1,1,1,,,,1,"360人
（3㎡あたり1人）"
2246,和田ｺﾐｭﾆﾃｨｾﾝﾀｰ,千葉県南房総市和田町仁我浦206,千葉県,南房総市,1,1,1,1,,,,,1,"111人
（3㎡あたり1人）"
2247,和田体育館,千葉県南房総市和田町仁我浦8－1　,千葉県,南房総市,1,1,1,1,1,,,,1,"151人
（3㎡あたり1人）"
2248,嶺南和田体育館,千葉県南房総市和田町海発1602,千葉県,南房総市,1,1,1,1,,,,,1,"449人
（3㎡あたり1人）"
2249,上区集会所・くすの木,千葉県南房総市和田町上三原1246,千葉県,南房総市,1,1,1,1,1,,,,1,"75人
（3㎡あたり1人）"
2250,北三原多目的研修集会施設,千葉県南房総市和田町黒岩386-1,千葉県,南房総市,,1,1,1,1,,,,1,"43人
（3㎡あたり1人）"
2251,千葉県立安房拓心高等学校,千葉県南房総市和田町海発1604,千葉県,南房総市,1,1,1,1,,,,,1,"554人
（3㎡あたり1人）"
2252,そうさ記念公園,千葉県匝瑳市八日市場ハ５６５－１,千葉県,匝瑳市,1,1,,1,,1,,,,17243人(2㎡あたり1人)
2253,八日市場勤労青少年ホーム,千葉県匝瑳市八日市場イ２０３０,千葉県,匝瑳市,1,1,,1,,1,,,1,1010人(2㎡あたり1人)
2254,野栄ふれあい公園,千葉県匝瑳市今泉３６３,千葉県,匝瑳市,1,1,,1,1,1,,,,26324人(2㎡あたり1人)
2255,豊栄小学校,千葉県匝瑳市飯倉１８４７,千葉県,匝瑳市,1,1,,1,1,1,,,1,1949人(2㎡あたり1人)
2256,栄小学校,千葉県匝瑳市栢田８２３,千葉県,匝瑳市,1,1,,1,1,1,,,1,5590人(2㎡あたり1人)
2257,のさかアリーナ,千葉県匝瑳市今泉６５３６ー１,千葉県,匝瑳市,1,1,,1,,1,,,1,7257人(2㎡あたり1人)
2258,鈴歌公園,千葉県匝瑳市飯倉台３７ー１,千葉県,匝瑳市,1,1,,1,,1,,,,3782人(2㎡あたり1人)
2259,平台公園,千葉県匝瑳市飯倉台１７,千葉県,匝瑳市,1,1,,1,,1,,,,1623人(2㎡あたり1人)
2260,八日市場第一中学校,千葉県匝瑳市上谷中２２７０ー５,千葉県,匝瑳市,1,1,,1,1,1,,,1,7030人(2㎡あたり1人)
2261,市営グラウンド,千葉県匝瑳市上谷中２２４０ー８,千葉県,匝瑳市,1,1,,1,,1,,,,6678人(2㎡あたり1人)
2262,八日市場幼稚園,千葉県匝瑳市八日市場イ２３９４,千葉県,匝瑳市,1,1,,1,,1,,,,752人(2㎡あたり1人)
2263,平和東公園,千葉県匝瑳市平木１４８７ー１,千葉県,匝瑳市,1,1,,1,,1,,,,3187人(2㎡あたり1人)
2264,生涯学習センター,千葉県匝瑳市今泉６４８９ー１,千葉県,匝瑳市,1,1,,1,1,1,,,1,700人(2㎡あたり1人)
2265,平和小学校,千葉県匝瑳市平木１８１９,千葉県,匝瑳市,1,1,,1,1,1,,,1,1347人(2㎡あたり1人)
2266,須賀小学校,千葉県匝瑳市高１９５６,千葉県,匝瑳市,1,1,,1,1,1,,,1,3223人(2㎡あたり1人)
2267,匝瑳高等学校,千葉県匝瑳市八日市場イ１６３０,千葉県,匝瑳市,1,1,,1,,1,,,,21964人(2㎡あたり1人)
2268,豊和小学校,千葉県匝瑳市大寺１４９２,千葉県,匝瑳市,1,1,,1,,1,,,1,3615人(2㎡あたり1人)
2269,敬愛大学八日市場高等学校,千葉県匝瑳市八日市場ロ３９０,千葉県,匝瑳市,1,1,,1,,1,,,,5000人(2㎡あたり1人)
2270,吉田小学校,千葉県匝瑳市吉田４０２０,千葉県,匝瑳市,1,1,,1,,1,,,1,3266人(2㎡あたり1人)
2271,八日市場保育所,千葉県匝瑳市八日市場イ２３５３ー１,千葉県,匝瑳市,1,1,,1,,1,,,,910人(2㎡あたり1人)
2272,豊和保育所,千葉県匝瑳市大寺１４２８,千葉県,匝瑳市,1,1,,1,,1,,,,1208人(2㎡あたり1人)
2273,山桑公園,千葉県匝瑳市山桑１２５,千葉県,匝瑳市,1,1,,1,,1,,,,16466人(2㎡あたり1人)
2274,八日市場第二中学校,千葉県匝瑳市八日市場イ１６８７,千葉県,匝瑳市,1,1,,1,1,1,,,1,5536人(2㎡あたり1人)
2275,市民ふれあいセンター,千葉県匝瑳市八日市場ハ７９３ー３５,千葉県,匝瑳市,1,1,,1,1,1,,,1,288人(2㎡あたり1人)
2276,八日市場小学校,千葉県匝瑳市八日市場イ２３１１,千葉県,匝瑳市,1,1,,1,1,1,,,1,3831人(2㎡あたり1人)
2277,野栄中学校,千葉県匝瑳市今泉５３２３ー３,千葉県,匝瑳市,1,1,,1,1,1,,,1,16164人(2㎡あたり1人)
2278,県立八日市場特別支援学校,千葉県匝瑳市平木９３０ー１,千葉県,匝瑳市,1,1,,1,,1,,,,2575人(2㎡あたり1人)
2279,吉田保育所,千葉県匝瑳市吉田４０１０ー４,千葉県,匝瑳市,1,1,,1,,1,,,,722人(2㎡あたり1人)
2280,みどり平西公園,千葉県匝瑳市みどり平１ー２,千葉県,匝瑳市,1,1,,1,,1,,,,706人(2㎡あたり1人)
2281,みどり平東公園,千葉県匝瑳市みどり平１３ー２,千葉県,匝瑳市,1,1,,1,,1,,,,8895人(2㎡あたり1人)
2282,匝瑳市マザーズホーム,千葉県匝瑳市八日市場ホ２０１６,千葉県,匝瑳市,1,1,,1,,1,,,,1441人(2㎡あたり1人)
2283,共興小学校,千葉県匝瑳市東小笹１１６０,千葉県,匝瑳市,1,1,,1,1,1,,,1,2087人(2㎡あたり1人)
2284,旧匝瑳小学校,千葉県匝瑳市松山１１２２,千葉県,匝瑳市,1,1,,1,,1,,,1,1512人(2㎡あたり1人)
2285,椿海公園,千葉県匝瑳市椿９６９番地１,千葉県,匝瑳市,1,1,,1,,1,,,,1412人(2㎡あたり1人)
2286,椿海小学校,千葉県匝瑳市椿９７３,千葉県,匝瑳市,1,1,,1,,1,,,1,2702人(2㎡あたり1人)
2287,野田小学校,千葉県匝瑳市野手１３０３４,千葉県,匝瑳市,1,1,,1,1,1,,,,3927人(2㎡あたり1人)
2288,豊栄保育所,千葉県匝瑳市飯倉１６１５ー１,千葉県,匝瑳市,1,1,,1,,1,,,,612人(2㎡あたり1人)
2289,県立飯高特別支援学校,千葉県匝瑳市飯高１６９２,千葉県,匝瑳市,1,1,,1,,1,,,1,2154人(2㎡あたり1人)
2290,佐原中学校,千葉県香取市佐原ロ２１２４－１,千葉県,香取市,1,1,,1,,,,,1,"6969人
（３㎡/人）"
2291,粉名口児童公園,千葉県香取市佐原ロ２０２８－９３,千葉県,香取市,1,1,,1,,,,,,"684人
（３㎡/人）"
2292,"佐原コミュニティ
センター",千葉県香取市佐原イ２１１,千葉県,香取市,1,1,,1,,,,,1,"3635人
（３㎡/人）"
2293,"岩ヶ崎台
第１号公園",千葉県香取市岩ヶ崎台２７,千葉県,香取市,1,1,,1,,,,,,"754人
（３㎡/人）"
2294,"佐原公園・
佐原野球場周辺",千葉県香取市佐原イ７７１,千葉県,香取市,1,1,,1,,,,,,"5429人
（３㎡/人）"
2295,玉造中央公園,千葉県香取市玉造２－６,千葉県,香取市,1,1,,1,,,,,,"958人
（３㎡/人）"
2296,"佐原小学校
体育館敷地",千葉県香取市佐原イ１８７０,千葉県,香取市,1,1,,1,,,,,1,"1021人
（３㎡/人）"
2297,佐原小学校,千葉県香取市佐原イ１８７０,千葉県,香取市,1,1,,1,,,,,,"3618人
（３㎡/人）"
2298,"ケーヨーＤ２
佐原店駐車場",千葉県香取市山之辺１４０５－１,千葉県,香取市,1,1,,1,,,,,,"1713人
（３㎡/人）"
2299,観福寺,千葉県香取市牧野１７５２,千葉県,香取市,1,1,,1,,,,,,"1461人
（３㎡/人）"
2300,北佐原小学校,千葉県香取市佐原ニ１６７６,千葉県,香取市,1,1,,1,,,,,1,"3003人
（３㎡/人）"
2301,石納コミュニティセンター,千葉県香取市石納５４７,千葉県,香取市,1,1,,1,,,,,,"423人
（３㎡/人）"
2302,佐原高等学校,千葉県香取市佐原イ２６８５,千葉県,香取市,1,1,,1,,,,,1,"5587人
（３㎡/人）"
2303,"旧佐原第二
中学校",千葉県香取市新部１０,千葉県,香取市,1,1,,1,,,,,1,"4939人
（３㎡/人）"
2304,香取小学校,千葉県香取市香取１８７５,千葉県,香取市,1,1,,1,,,,,1,"2533人
（３㎡/人）"
2305,香取神宮駐車場,千葉県香取市香取１６９７－１,千葉県,香取市,1,1,,1,,,,,,"1034人
（３㎡/人）"
2306,旧神南小学校,千葉県香取市下小野１５９９,千葉県,香取市,1,1,,1,,,,,1,"1500人
（３㎡/人）"
2307,わらびが丘小学校,千葉県香取市九美上２９－１,千葉県,香取市,1,1,,1,,,,,1,"6542人
（３㎡/人）"
2308,竟成小学校,千葉県香取市観音４８１,千葉県,香取市,1,1,,1,,,,,1,"3363人
（３㎡/人）"
2309,香西保育所,千葉県香取市観音２１－１,千葉県,香取市,1,1,,1,,,,,,"809人
（３㎡/人）"
2310,旧福田小学校,千葉県香取市福田２４０,千葉県,香取市,1,1,,1,,,,,1,"2586人
（３㎡/人）"
2311,本矢作運動広場,千葉県香取市本矢作９１８－４,千葉県,香取市,1,1,,1,,,,,,"3453人
（３㎡/人）"
2312,旧伊地山幼稚園,千葉県香取市伊地山５３２－１,千葉県,香取市,1,1,,1,,,,,,"188人
（３㎡/人）"
2313,東大戸小学校,千葉県香取市大戸８７７,千葉県,香取市,1,1,,1,,,,,1,"2215人
（３㎡/人）"
2314,佐原第五中学校,千葉県香取市大戸９３７,千葉県,香取市,1,1,,1,,,,,1,"4563人
（３㎡/人）"
2315,"旧東大戸小学校
石納分校",千葉県香取市昭和町ろ５６,千葉県,香取市,1,1,,1,,,,,,"2000人
（３㎡/人）"
2316,瑞穂小学校,千葉県香取市堀之内１７７０－９６,千葉県,香取市,1,1,,1,,,,,1,"2388人
（３㎡/人）"
2317,香取中学校,千葉県香取市津宮１４４０,千葉県,香取市,1,1,,1,,,,,1,"3648人
（３㎡/人）"
2318,水の郷小学校,千葉県香取市津宮１２１５,千葉県,香取市,1,1,,1,,,,,1,"2160人
（３㎡/人）"
2319,旧大倉小学校,千葉県香取市大倉５０１,千葉県,香取市,1,1,,1,,,,,1,"1967人
（３㎡/人）"
2320,清宝院前,千葉県香取市大倉９４７,千葉県,香取市,1,1,,1,,,,,,"551人
（３㎡/人）"
2321,旧湖東小学校,千葉県香取市八筋川甲１９９３－２,千葉県,香取市,1,1,,1,,,,,1,"2157人
（３㎡/人）"
2322,新島中学校,千葉県香取市佐原ハ４４２８,千葉県,香取市,1,1,,1,,,,,1,"4430人
（３㎡/人）"
2323,新島小学校,千葉県香取市加藤洲６８５,千葉県,香取市,1,1,,1,,,,,1,"2775人
（３㎡/人）"
2324,水郷佐原あやめパーク,千葉県香取市扇島１８３７－２,千葉県,香取市,1,1,,1,,,,,,"4528人
（３㎡/人）"
2325,"小見川中央
小学校",千葉県香取市小見川９４,千葉県,香取市,1,1,,1,,,,,1,"2763人
（３㎡/人）"
2326,"小見川社会福祉センター
（さくら館）",千葉県香取市本郷62,千葉県,香取市,1,1,,1,,,,,1,"1007人
（３㎡/人）"
2327,城山公園,千葉県香取市小見川４７８０－１,千葉県,香取市,1,1,,1,,,,,,"2213人
（３㎡/人）"
2328,小見川高等学校,千葉県香取市小見川４７３５－１,千葉県,香取市,1,1,,1,,,,,1,"12710人
（３㎡/人）"
2329,小見川中学校,千葉県香取市小見川４６８５,千葉県,香取市,1,1,,1,,,,,1,"10342人
（３㎡/人）"
2330,くろべ運動公園,千葉県香取市小見川４８６６－１０９,千葉県,香取市,1,1,,1,,,,,,"8174人
（３㎡/人）"
2331,水郷小見川青少年自然の家,千葉県香取市小見川５２４９－１,千葉県,香取市,1,1,,1,,,,,1,"5283人
（３㎡/人）"
2332,小見川市民センター,千葉県香取市羽根川３８,千葉県,香取市,1,1,,1,,,,,1,"4354人
（３㎡/人）"
2333,小見川東小学校,千葉県香取市阿玉川７２８,千葉県,香取市,1,1,,1,,,,,1,"4612人
（３㎡/人）"
2334,旧小見川南小学校,千葉県香取市五郷内２２１８,千葉県,香取市,1,1,,1,,,,,1,"1773人
（３㎡/人）"
2335,小見川西小学校,千葉県香取市内野３５,千葉県,香取市,1,1,,1,,,,,1,"3247人
（３㎡/人）"
2336,小見川北小学校,千葉県香取市富田８００,千葉県,香取市,1,1,,1,,,,,1,"2982人
（３㎡/人）"
2337,グッドライフ香取みはる園（旧小見川北小学校利北分校）,千葉県香取市一ノ分目番外７－３,千葉県,香取市,1,1,,1,,,,,1,"1022人
（３㎡/人）"
2338,旧八都小学校,千葉県香取市小見１０２５,千葉県,香取市,1,1,,1,,,,,1,"2545人
（３㎡/人）"
2339,八都保育園,千葉県香取市小見６５,千葉県,香取市,1,1,,1,,,,,,"2386人
（３㎡/人）"
2340,山田支所周辺,千葉県香取市仁良３００－１,千葉県,香取市,1,1,,1,,,,,,"2262人
（３㎡/人）"
2341,山田中学校,千葉県香取市仁良３５６－１,千葉県,香取市,1,1,,1,,,,,1,"13266人
（３㎡/人）"
2342,山田小学校,千葉県香取市仁良３５６－１,千葉県,香取市,1,1,,1,,,,,1,"2937人
（３㎡/人）"
2343,旧府馬小学校,千葉県香取市府馬３４２９－４,千葉県,香取市,1,1,,1,,,,,1,"3651人
（３㎡/人）"
2344,旧八都第二小学校,千葉県香取市仁良１０３８－１,千葉県,香取市,1,1,,1,,,,,1,"3160人
（３㎡/人）"
2345,旧山倉小学校,千葉県香取市山倉６７２,千葉県,香取市,1,1,,1,,,,,1,"2065人
（３㎡/人）"
2346,山倉運動広場,千葉県香取市大角１５４５－１,千葉県,香取市,1,1,,1,,,,,,"4173人
（３㎡/人）"
2347,旧第一山倉小学校,千葉県香取市桐谷１０２０,千葉県,香取市,1,1,,1,,,,,1,"2435人
（３㎡/人）"
2348,医王寺,千葉県香取市小川５５０,千葉県,香取市,1,1,,1,,,,,,"487人
（３㎡/人）"
2349,テラス・サンサン,千葉県香取市長岡１８２１－１,千葉県,香取市,1,1,,1,,,,,,"1733人
（３㎡/人）"
2350,栗源小学校,千葉県香取市岩部５０２５,千葉県,香取市,1,1,,1,,,,,1,"4852人
（３㎡/人）"
2351,高萩福祉センター（旧高萩小学校）,千葉県香取市高萩１１００,千葉県,香取市,1,1,,1,,,,,1,"1352人
（３㎡/人）"
2352,旧沢小学校,千葉県香取市沢１８１３,千葉県,香取市,1,1,,1,,,,,1,"1893人
（３㎡/人）"
2353,栗源中学校,千葉県香取市岩部１０５１－１,千葉県,香取市,1,1,,1,,,,,1,"2749人
（３㎡/人）"
2354,栗源Ｂ＆Ｇ海洋センター体育館,千葉県香取市岩部１０４５－１,千葉県,香取市,1,1,,1,,,,,1,"1047人
（３㎡/人）"
2355,栗源市民センター,千葉県香取市岩部７００,千葉県,香取市,1,,,,,,,,1,"1554人
（３㎡/人）"
2356,道の駅くりもと紅小町の郷,千葉県香取市沢１３７２－１,千葉県,香取市,1,1,,1,,,,,,"908人
（３㎡/人）"
2357,緑海小学校,千葉県山武市松ヶ谷ロ471-1,千葉県,山武市,1,1,,1,1,,,,1,(想定収容人数：781 1人／㎡)
2358,さんぶの森公園,千葉県山武市埴谷1904-5,千葉県,山武市,1,1,,1,,1,,,,(想定収容人数：4822 1人／㎡)
2359,千葉県立成東高等学校,千葉県山武市成東3596,千葉県,山武市,1,1,,,,,,,1,
2360,蓮沼交流センター,千葉県山武市蓮沼ハ4832-3,千葉県,山武市,1,1,,1,1,,,,1,2234
2361,千葉県立松尾高等学校,千葉県山武市松尾町大堤546,千葉県,山武市,1,1,,,,,,,1,
2362,成東中学校,千葉県山武市和田567,千葉県,山武市,1,1,,1,,,,,1,(想定収容人数：1394 1人／㎡)
2363,蓮沼スポーツプラザ,千葉県山武市蓮沼ハ5402-1,千葉県,山武市,1,1,,1,1,1,,,1,(想定収容人数：1062 1人／㎡)
2364,旧蓮沼中学校,千葉県山武市蓮沼ハ1036,千葉県,山武市,,,,,1,,,,1,(想定収容人数：1144 1人／㎡)
2365,蓮沼小学校,千葉県山武市蓮沼イ2784,千葉県,山武市,1,1,,1,1,,,,1,(想定収容人数：813 1人／㎡)
2366,木戸津波避難タワー,千葉県山武市木戸848,千葉県,山武市,,,,,1,,,,,(想定収容人数：200 1人／㎡)
2367,日向小学校,千葉県山武市木原2370,千葉県,山武市,1,1,,1,,,,,1,(想定収容人数：1747 1人／㎡)
2368,鳴浜小学校,千葉県山武市本須賀1090,千葉県,山武市,1,1,,1,1,,,,1,(想定収容人数：781 1人／㎡)
2369,白幡体育館,千葉県山武市白幡1885,千葉県,山武市,1,1,,,,,,,1,
2370,旧山武西小学校,千葉県山武市大木13,千葉県,山武市,1,1,,1,,,,,1,(想定収容人数：659 1人／㎡)
2371,成東小学校,千葉県山武市成東2692,千葉県,山武市,1,1,,1,,,,,1,(想定収容人数：807 1人／㎡)
2372,大富小学校,千葉県山武市新泉ト60,千葉県,山武市,1,1,,1,,,,,1,(想定収容人数：687 1人／㎡)
2373,睦岡小学校,千葉県山武市埴谷771,千葉県,山武市,1,1,,1,,,,,1,(想定収容人数：729 1人／㎡)
2374,さんぶの森中央会館,千葉県山武市埴谷1904-3,千葉県,山武市,1,1,,1,,,,,1,(想定収容人数：3131 1人／㎡)
2375,山武中学校,千葉県山武市埴谷1855,千葉県,山武市,1,1,,1,,,,,1,(想定収容人数：920 1人／㎡)
2376,南郷小学校,千葉県山武市上横地884-1,千葉県,山武市,1,1,,1,1,,,,1,(想定収容人数：781 1人／㎡)
2377,松尾運動公園,千葉県山武市松尾町富士見台208-8,千葉県,山武市,1,1,,1,,1,,,,(想定収容人数：5667 1人／㎡)
2378,農村環境改善センター,千葉県山武市松尾町松尾47-3,千葉県,山武市,1,1,,1,,,,,1,(想定収容人数：449 1人／㎡)
2379,山武望洋中学校,千葉県山武市松尾町松尾112,千葉県,山武市,1,1,,1,,,,,1,(想定収容人数：3422 1人／㎡)
2380,大平小学校,千葉県山武市松尾町広根1140,千葉県,山武市,1,1,,1,1,,,,1,(想定収容人数：501 1人／㎡)
2381,豊岡体育館・まつおこども園,千葉県山武市松尾町金尾441,千葉県,山武市,1,1,,1,,,,,1,(想定収容人数：505 1人／㎡)
2382,松尾小学校,千葉県山武市松尾町猿尾383,千葉県,山武市,1,1,,1,,,,,1,(想定収容人数：741 1人／㎡)
2383,成東総合運動公園,千葉県山武市五木田3241,千葉県,山武市,1,1,,1,1,1,,,,(想定収容人数：15355 1人／㎡)
2384,成東東中学校,千葉県山武市五木田2452-1,千葉県,山武市,1,1,,1,1,,,,1,(想定収容人数：1395 1人／㎡)
2385,山武北小学校,千葉県山武市沖渡699,千葉県,山武市,1,1,,1,,,,,1,(想定収容人数：522 1人／㎡)
2386,旧日向小学校,千葉県山武市雨坪10,千葉県,山武市,1,1,,1,,,,,1,(想定収容人数：642 1人／㎡)
2387,テンダーヴィラ九十九里,千葉県山武市横芝光町屋形5025-3,千葉県,山武市,,,,,1,,,,,山武市の津波避難ビルとして指定
2388,井之内津波避難広場,千葉県山武市井之内957,千葉県,山武市,,,,,1,,,,,300
2389,シーサイドホテル　九十九里,千葉県山武市本須賀3701,千葉県,山武市,,,,,1,,,,,(想定収容人数：1080 1人／㎡)
2390,有料老人ホーム　エクセルシオール山武,千葉県山武市本須賀3841-70,千葉県,山武市,,,,,1,,,,,(想定収容人数：900 1人／㎡)
2391,ホテル　浪川荘,千葉県山武市蓮沼ニ4665,千葉県,山武市,,,,,1,,,,,(想定収容人数：600 1人／㎡)
2392,蓮沼ガーデンハウス　マリーノ,千葉県山武市蓮沼ホ311,千葉県,山武市,,,,,1,,,,,(想定収容人数：1080 1人／㎡)
2393,市役所大原庁舎駐車場,千葉県いすみ市大原7400-1,千葉県,いすみ市,1,1,1,1,1,1,1,1,,1086
2394,大原文化センター駐車場,千葉県いすみ市大原7838,千葉県,いすみ市,1,1,1,1,1,1,1,1,1,2984
2395,農村環境改善センター駐車場,千葉県いすみ市大原6763,千葉県,いすみ市,1,1,1,1,1,1,1,1,1,3272
2396,大原クリーンセンター敷地,千葉県いすみ市新田24-5,千葉県,いすみ市,,,1,,1,,,,,2317
2397,大原配水場敷地,千葉県いすみ市新田1486,千葉県,いすみ市,,,1,,1,,,,,142
2398,大原公園敷地,千葉県いすみ市大原10690,千葉県,いすみ市,,,1,,1,,,,,363（2㎡あたり１人）
2399,大原中学校グランド,千葉県いすみ市大原7400-12,千葉県,いすみ市,,,1,1,1,1,,1,1,12526
2400,大原小学校屋上,千葉県いすみ市大原8530-3,千葉県,いすみ市,,,1,,1,,,,,540（2㎡あたり１人）
2401,大原小学校グランド,千葉県いすみ市大原8530-3,千葉県,いすみ市,1,1,,1,,1,1,1,1,6519（2㎡あたり１人）
2402,東海小学校校舎３Ｆ,千葉県いすみ市若山1042,千葉県,いすみ市,,,1,,1,,,,,336（2㎡あたり１人）
2403,東海小学校グランド,千葉県いすみ市若山1042,千葉県,いすみ市,,1,,1,,1,,1,1,5849（2㎡あたり１人）
2404,東小学校グランド,千葉県いすみ市山田460,千葉県,いすみ市,1,1,,1,,1,1,1,1,6088（2㎡あたり１人）
2405,東海保育所グランド,千葉県いすみ市若山238-1,千葉県,いすみ市,1,1,,1,,1,1,1,,1670（2㎡あたり１人）
2406,第二保育所屋上,千葉県いすみ市大原1595,千葉県,いすみ市,,,1,,1,,,,,103（2㎡あたり１人）
2407,浪花小学校グランド,千葉県いすみ市小沢1157,千葉県,いすみ市,,1,,1,,1,,1,1,2782（2㎡あたり１人）
2408,浪花保育所グランド,千葉県いすみ市大原台323,千葉県,いすみ市,1,1,,1,,1,1,1,,1000（2㎡あたり１人）
2409,夷隅地区多目的研修センター広場,千葉県いすみ市行川721-1,千葉県,いすみ市,1,1,,1,,1,1,1,1,748（2㎡あたり１人）
2410,夷隅文化会館広場,千葉県いすみ市深谷1968-1,千葉県,いすみ市,1,1,,1,,1,1,1,1,4962（2㎡あたり１人）
2411,国吉中学校グランド,千葉県いすみ市国府台1552,千葉県,いすみ市,,1,,1,,1,,1,1,6120（2㎡あたり１人）
2412,旧千町小学校グランド,千葉県いすみ市松丸3226,千葉県,いすみ市,1,1,,1,,1,1,1,1,5484（2㎡あたり１人）
2413,岬公民館館内２Ｆ,千葉県いすみ市岬町長者22,千葉県,いすみ市,1,,1,,1,,1,,1,145（2㎡あたり１人）
2414,岬公民館野球場,千葉県いすみ市岬町長者22,千葉県,いすみ市,,1,,1,,1,,1,,5425（2㎡あたり１人）
2415,太東崎灯台公園,千葉県いすみ市岬町和泉3508,千葉県,いすみ市,,,1,,1,,,,,441（2㎡あたり１人）
2416,古沢公園公園,千葉県いすみ市岬町榎沢1871,千葉県,いすみ市,,,1,,1,,,,,2662（2㎡あたり１人）
2417,岬中学校グランド,千葉県いすみ市岬町椎木1370,千葉県,いすみ市,1,1,,1,,1,1,1,1,10293（2㎡あたり１人）
2418,太東小学校屋上,千葉県いすみ市岬町椎木408,千葉県,いすみ市,,,1,,1,,,,,310（2㎡あたり１人）
2419,太東小学校グランド,千葉県いすみ市岬町椎木408,千葉県,いすみ市,1,1,,1,,1,1,1,1,2372（2㎡あたり１人）
2420,古沢小学校屋上,千葉県いすみ市岬町岩熊563-2,千葉県,いすみ市,,,1,,1,,,,,244（2㎡あたり１人）
2421,古沢小学校グランド,千葉県いすみ市岬町岩熊563-2,千葉県,いすみ市,1,1,,1,,1,1,1,1,5473（2㎡あたり１人）
2422,長者小学校屋上,千葉県いすみ市岬町長者330,千葉県,いすみ市,,,1,,1,,,,,283（2㎡あたり１人）
2423,長者小学校グランド,千葉県いすみ市岬町長者330,千葉県,いすみ市,1,1,,1,,1,1,1,1,5324（2㎡あたり１人）
2424,中根小学校屋上,千葉県いすみ市岬町中滝954,千葉県,いすみ市,,,1,,1,,,,,354（2㎡あたり１人）
2425,中根小学校グランド,千葉県いすみ市岬町中滝954,千葉県,いすみ市,1,1,,1,,1,1,1,1,3668（2㎡あたり１人）
2426,布施小学校グランド,千葉県御宿町上布施909,千葉県,いすみ市,1,1,,1,,1,1,1,1,2080（2㎡あたり１人）
2427,夷隅小学校グランド,千葉県いすみ市深谷127,千葉県,いすみ市,1,1,,1,,1,1,1,1,5745（2㎡あたり１人）
2428,エスポワール大原敷地・駐車場・建物,千葉県いすみ市日在2623,千葉県,いすみ市,,,1,,1,,,,,3535（2ｍ²あたり1人）
2429,"社会福祉法人　チルドレン・パラダイス　児童養護施設
子山ホーム広場",千葉県いすみ市深堀685,千葉県,いすみ市,,,1,1,1,1,,1,1,1008（2ｍ²あたり1人）
2430,夷隅教育会館周辺建物周辺を除いた駐車場,千葉県いすみ市大原7400-10,千葉県,いすみ市,,,1,,1,,,,,411（2ｍ²あたり1人）
2431,鹿島台公園,千葉県いすみ市大原2077-27,千葉県,いすみ市,,,1,,1,,,,,244（2ｍ²あたり1人）
2432,大原台コミュニティセンター敷地・駐車場,千葉県いすみ市大原台324,千葉県,いすみ市,1,1,,1,,1,1,1,1,899（2ｍ²あたり1人）
2433,県道　綱田方面敷地,千葉県いすみ市岬町椎木3254-1,千葉県,いすみ市,,,1,,1,,,,,211（2ｍ²あたり1人）
2434,エスポワール岬敷地・駐車場・建物,千葉県いすみ市岬町和泉330-1,千葉県,いすみ市,,,1,,1,,,,,6292（2ｍ²あたり1人）
2435,貴賓館建物３Ｆ～１３Ｆ,千葉県いすみ市岬町和泉185-12,千葉県,いすみ市,,,1,,1,,,,,511（2ｍ²あたり1人）
2436,サンフラワー大原敷地・駐車場・建物１Ｆ～８Ｆ,千葉県いすみ市深堀1751-2,千葉県,いすみ市,,,1,,1,,,,,1243
2437,岬ふれあい会館館内・駐車場,千葉県いすみ市岬町東中滝720-1,千葉県,いすみ市,1,1,,1,,1,1,1,1,5906
2438,ジャルダン　カトレア　いすみ館内・駐車場・敷地,千葉県いすみ市岬町和泉772-1,千葉県,いすみ市,,,1,,1,,,,,1158
2439,九十九里ヴィラそとぼう３階　屋外テラス,千葉県いすみ市岬町和泉4427-1,千葉県,いすみ市,,,1,,1,,,,,50
2440,中央公民館,千葉県大網白里市大網121-2,千葉県,大網白里市,1,,1,,,,,,1,130
2441,保健文化センター,千葉県大網白里市大網100-2,千葉県,大網白里市,1,,1,,,,,,1,60
2442,中部コミュニティセンター,千葉県大網白里市柿餅26-1,千葉県,大網白里市,,,1,1,,,,,1,170
2443,白里公民館,千葉県大網白里市南今泉1088-1,千葉県,大網白里市,,1,1,※1,,,,,1,70
2444,大網小学校,千葉県大網白里市みどりが丘3-18-3,千葉県,大網白里市,1,,1,,1,,,,1,8490
2445,瑞穂小学校,千葉県大網白里市永田1055,千葉県,大網白里市,1,,1,,1,,,,1,8680
2446,増穂小学校,千葉県大網白里市北飯塚281,千葉県,大網白里市,,,1,,1,,,,1,7050
2447,白里小学校,千葉県大網白里市南今泉3349,千葉県,大網白里市,,1,1,※1,1,,,,1,11660
2448,大網東小学校,千葉県大網白里市富田32-2,千葉県,大網白里市,,,1,,1,,,,1,7330
2449,増穂北小学校,千葉県大網白里市上貝塚317,千葉県,大網白里市,,,1,,1,,,,1,11090
2450,季美の森小学校,千葉県大網白里市季美の森南1-28,千葉県,大網白里市,,,1,,1,,,,1,11060
2451,大網中学校,千葉県大網白里市金谷郷275,千葉県,大網白里市,1,,1,,1,,,,1,13960
2452,増穂中学校,千葉県大網白里市北飯塚200-1,千葉県,大網白里市,,,1,,1,,,,1,8460
2453,白里中学校,千葉県大網白里市細草1385-1,千葉県,大網白里市,,,1,,1,,,,1,14520
2454,大網高等学校,千葉県大網白里市大網435-1,千葉県,大網白里市,,,1,,1,,,,,12070
2455,大網白里アリーナ,千葉県大網白里市上貝塚160,千葉県,大網白里市,,,1,1,1,,,,1,16000
2456,市運動広場,千葉県大網白里市南飯塚477-1,千葉県,大網白里市,,,1,,1,,,,,35380
2457,みどりが丘近隣公園,千葉県大網白里市みどりが丘3-17,千葉県,大網白里市,,,1,,1,,,,,15000
2458,みずほ台近隣公園,千葉県大網白里市みずほ台2-20-１,千葉県,大網白里市,,,1,,1,,,,,11920
2459,季美の森南近隣公園,千葉県大網白里市季美の森南4-７-１,千葉県,大網白里市,,,1,,1,,,,,12760
2460,農村ふれあいセンター,千葉県大網白里市金谷郷1356-2,千葉県,大網白里市,1,,1,,1,,,,1,2000
2461,農村環境改善センター,千葉県大網白里市南今泉140-1,千葉県,大網白里市,,1,1,,1,,,,,2000
2462,北吉田市有地,千葉県大網白里市北吉田184-1,千葉県,大網白里市,,,1,1,1,,,,,3230
2463,諏訪神社,千葉県大網白里市北今泉2076,千葉県,大網白里市,,,1,,1,,,,,2940
2464,要行寺（四天木）,千葉県大網白里市四天木甲1342,千葉県,大網白里市,,,1,,1,,,,,2300
2465,弥幾野自治会館,千葉県大網白里市南横川3141-1,千葉県,大網白里市,,,1,1,,,,,,790
2466,白里小学校　３階・屋上,千葉県大網白里市南今泉3349,千葉県,大網白里市,,,,,1,,,,,1800
2467,白里中学校　３階・４階,千葉県大網白里市細草1385-1,千葉県,大網白里市,,,,,1,,,,,660
2468,浄化センター　屋上,千葉県大網白里市四天木556-2,千葉県,大網白里市,,,,,1,,,,,300
2469,プラセル九十九里　屋上,千葉県大網白里市北今泉3045,千葉県,大網白里市,,,,,1,,,,,1760
2470,オーシャンビュー白里ダイヤモンドマンション　４階以上共用部分・屋上,千葉県大網白里市南今泉4837-2,千葉県,大網白里市,,,,,1,,,,,800
2471,"防災第１号公園
（津波避難タワー）",千葉県大網白里市四天木甲2982-1,千葉県,大網白里市,,,,,1,,,,,
2472,"防災第２号公園
（南四天木築山）",千葉県大網白里市四天木980,千葉県,大網白里市,,,,,1,,,,,
2473,福岡地区コミュニティセンター,千葉県東金市砂古瀬426-1,千葉県,大網白里市,,,,,※2,,,,,790
2474,酒々井小学校,千葉県酒々井町酒々井２０３,千葉県,酒々井町,1,1,,1,,1,1,,1,"2,150人　（5㎥/人）"
2475,大室台小学校,千葉県酒々井町尾上２－２,千葉県,酒々井町,1,1,,1,,1,1,,1,"2,509人　（5㎡/人）"
2476,酒々井中学校,千葉県酒々井町尾上１４１－１０,千葉県,酒々井町,1,1,,1,,1,1,,1,"3,191人　（5㎡/人）"
2477,東京学館高等学校,千葉県酒々井町伊篠２１,千葉県,酒々井町,1,1,,1,,1,1,,1,"3,332人　（5㎡/人）"
2478,酒々井コミュニティプラザ,千葉県酒々井町墨１５４９－１,千葉県,酒々井町,1,1,,1,,1,1,,1,223人　　（5㎡/人）
2479,酒々井総合公園,千葉県酒々井町墨４４,千葉県,酒々井町,1,1,,1,,1,1,,,"2,597人　（5㎡/人）"
2480,昭和公園,千葉県酒々井町東酒々井６－６－６,千葉県,酒々井町,1,1,,1,,1,1,,,"1,012人　（5㎡/人）"
2481,中央台公共用地,千葉県酒々井町中央台３－４,千葉県,酒々井町,1,1,,1,,1,1,,,"1,277人　（5㎡/人）"
2482,ふれあいプラザさかえ,千葉県栄町安食９３８－１,千葉県,栄町,1,1,,1,,1,1,,1,"・屋内279人（4㎡あたり1人）
・屋外450人（駐車可能エリア面積÷25㎡／1台×3名）"
2483,栄中学校,千葉県栄町安食５５,千葉県,栄町,1,1,,1,,1,1,,1,"・屋内486人（4㎡あたり1人）
・屋外600人（駐車可能エリア面積÷25㎡／1台×3名）"
2484,千葉県立栄特別支援学校,千葉県栄町龍角寺１１１２－２,千葉県,栄町,1,1,,1,,1,1,,1,"・屋内111人（4㎡あたり1人）
・屋外1410人（駐車可能エリア面積÷25㎡／1台×3名）"
2485,竜角寺台小学校,千葉県栄町竜角寺台６－２６－１,千葉県,栄町,1,1,,1,,1,1,,1,"・屋内270人（4㎡あたり1人）
・屋外300人（駐車可能エリア面積÷25㎡／1台×3名）"
2486,安食台小学校,千葉県栄町安食台４－３４－１,千葉県,栄町,1,1,,1,,1,1,,1,"・屋内228人（4㎡あたり1人）
・屋外360人（駐車可能エリア面積÷25㎡／1台×3名）"
2487,安食小学校,千葉県栄町安食３０５,千葉県,栄町,1,1,,1,,1,1,,1,"・屋内267人（4㎡あたり1人）
・屋外210人（駐車可能エリア面積÷25㎡／1台×3名）"
2488,（旧）酒直小学校,千葉県栄町龍角寺３３,千葉県,栄町,1,1,,1,,1,1,,1,"・屋内132人（4㎡あたり1人）
・屋外270人（駐車可能エリア面積÷25㎡／1台×3名）"
2489,（旧）北辺田小学校,千葉県栄町北辺田２１２,千葉県,栄町,1,1,,1,,1,1,,1,"・屋内174人（4㎡あたり1人）
・屋外300人（駐車可能エリア面積÷25㎡／1台×3名）"
2490,布鎌小学校,千葉県栄町請方１５７－１,千葉県,栄町,,1,,1,,1,,,1,"・屋内246人（4㎡あたり1人）
・屋外360人（駐車可能エリア面積÷25㎡／1台×3名）"
2491,麻生集会所,千葉県栄町麻生１８２－１,千葉県,栄町,1,1,,1,,1,1,,1,・屋内21人（4㎡あたり1人）
2492,矢口集会所,千葉県栄町矢口6-1,千葉県,栄町,1,1,,1,,1,1,,1,・屋内18人（4㎡あたり1人）
2493,興津集会所,千葉県栄町興津１１３７,千葉県,栄町,,1,,,,,,,1,・屋内21人（4㎡あたり1人）
2494,神崎ふれあいプラザ,千葉県神崎町神崎本宿９６,千葉県,神崎町,1,1,,1,,1,1,,1,1000
2495,神崎中学校,千葉県神崎町神崎本宿260,千葉県,神崎町,1,1,,1,,1,1,,1,2000
2496,神崎小学校,千葉県神崎町神崎町神崎本宿２２,千葉県,神崎町,1,1,,1,,1,1,,1,1500
2497,米沢小学校,千葉県神崎町新３８５,千葉県,神崎町,1,1,,1,,1,1,,1,2000
2498,神崎町民野球場,千葉県神崎町大貫３８３-６,千葉県,神崎町,1,1,,1,,1,1,,,2000
2499,四季の丘公園,千葉県神崎町四季の丘８-１,千葉県,神崎町,1,1,,1,,1,1,,,1400
2500,わくわく西の城,千葉県神崎町並木６５８,千葉県,神崎町,1,1,,1,,1,1,,1,1000
2501,道の駅発酵の里こうざき,千葉県神崎町松崎８５５,千葉県,神崎町,,1,,1,,1,1,,1,400
2502,多古第一小学校,千葉県多古町多古2547,千葉県,多古町,1,1,,1,,1,1,,1,4045人(2㎡/人)
2503,旧多古第二小学校,千葉県多古町喜多井野154-2,千葉県,多古町,1,1,,1,,1,1,,1,1922人(2㎡/人)
2504,久賀小学校,千葉県多古町大門205-6,千葉県,多古町,1,1,,1,,1,1,,1,5047人(2㎡/人)
2505,旧常磐小学校,千葉県多古町南玉造162,千葉県,多古町,1,1,,1,,1,1,,1,2487人(2㎡/人)
2506,中村小学校,千葉県多古町南中349-2,千葉県,多古町,1,1,,1,,1,1,,1,4558人(2㎡/人)
2507,多古中学校,千葉県多古町多古2920-1,千葉県,多古町,1,1,,1,,1,1,,1,5633人(2㎡/人)
2508,多古高等学校,千葉県多古町多古3236,千葉県,多古町,1,1,,1,,1,1,,1,11524人(2㎡/人)
2509,多古第二小学校一鍬田校舎跡地,千葉県多古町一鍬田292,千葉県,多古町,1,1,,1,,1,1,,,340人(2㎡/人)
2510,多古町民牛尾運動場,千葉県多古町牛尾1114,千葉県,多古町,1,1,,1,,1,1,,1,2147人(2㎡/人)
2511,久賀小学校跡地,千葉県多古町次浦1506,千葉県,多古町,1,1,,1,,1,1,,,4079人(2㎡/人)
2512,興新小学校跡地,千葉県多古町高津原285-1,千葉県,多古町,1,1,,1,,1,1,,,2149人(2㎡/人)
2513,十余三小学校跡地,千葉県多古町十余三278-1,千葉県,多古町,1,1,,1,,1,1,,,2496人(2㎡/人)
2514,東庄町公民館,千葉県東庄町笹川い4713-131,千葉県,東庄町,1,1,,1,1,,,,1,3000
2515,東庄小学校,千葉県東庄町笹川い4713,千葉県,東庄町,1,1,,1,1,,,,1,13800
2516,旧東城小学校,千葉県東庄町小南941,千葉県,東庄町,1,1,,1,1,,,,1,4000
2517,東庄中学校,千葉県東庄町青馬1752-1,千葉県,東庄町,1,1,,1,1,,,,1,28000
2518,中央公民館,千葉県九十九里町片貝２９１５,千葉県,九十九里町,1,,1,1,,1,1,,1,"637人
（1㎡あたり1人）"
2519,九十九里高等学校,千葉県九十九里町片貝１９１０,千葉県,九十九里町,1,,1,1,1,1,1,,1,"2,238人
（1㎡あたり1人）"
2520,九十九里中学校,千葉県九十九里町片貝１８９９－４,千葉県,九十九里町,1,,1,1,1,1,1,,1,"2,690人
（1㎡あたり1人）"
2521,豊海小学校,千葉県九十九里町不動堂３０６,千葉県,九十九里町,1,,1,1,,1,1,,1,"2,221人
（1㎡あたり1人）"
2522,片貝小学校,千葉県九十九里町片貝３１９３,千葉県,九十九里町,1,,1,1,,1,1,,1,"1,620人
（1㎡あたり1人）"
2523,九十九里小学校,千葉県九十九里町小関１７９７－１,千葉県,九十九里町,1,,1,1,,1,1,,1,"2,240人
（1㎡あたり1人）"
2524,国民宿舎サンライズ九十九里,千葉県九十九里町真亀４９０８,千葉県,九十九里町,,,,,1,,,,,"775人
（1㎡あたり1人）"
2525,"株式会社メディセオ
九十九里研修センター",千葉県九十九里町真亀４０８５,千葉県,九十九里町,,,,,1,,,,,"300人
（1㎡あたり1人）"
2526,シャロームⅡ,千葉県九十九里町片貝１６２９,千葉県,九十九里町,,,,,1,,,,,"50人
（1㎡あたり1人）"
2527,宗教法人妙智會教団千葉聖地,千葉県九十九里町片貝４１８４－１,千葉県,九十九里町,,,,,1,,,,,"1655人
（1㎡あたり1人）"
2528,"医療法人社団慈優会
住宅型有料老人ホーム
シルバーシャドウ",千葉県九十九里町片貝２７０５－７,千葉県,九十九里町,,,,,1,,,,,"390人
（1㎡あたり1人）"
2529,創価学会九十九里会館,千葉県九十九里町片貝３４０９,千葉県,九十九里町,,,,,1,,,,,"300人
（1㎡あたり1人）"
2530,小関納屋地区津波避難タワー,千葉県九十九里町小関２３４７－９８,千葉県,九十九里町,,,,,1,,,,,"146人
（1㎡あたり1人）"
2531,公民館千代田分館,千葉県芝山町大里１８－５２,千葉県,芝山町,1,1,,1,,1,,,,"263
（2㎡あたり1人）"
2532,旧東小学校,千葉県芝山町大里２６３１,千葉県,芝山町,1,1,,1,,1,,,1,"4,943
（2㎡あたり1人）"
2533,岩山共同利用施設,千葉県芝山町朝倉３９４－１６,千葉県,芝山町,1,1,,1,,1,,,,"638
（2㎡あたり1人）"
2534,青年研修所,千葉県芝山町大台７２４,千葉県,芝山町,1,1,,1,,1,,,,"472
（2㎡あたり1人）"
2535,高谷共同利用施設,千葉県芝山町高谷７２,千葉県,芝山町,1,1,,1,,1,,,,"607
（2㎡あたり1人）"
2536,高田共同利用施設,千葉県芝山町高田６,千葉県,芝山町,1,1,,1,,1,,,,"473
（2㎡あたり1人）"
2537,芝山町総合運動場,千葉県芝山町小池１５５７,千葉県,芝山町,1,1,,1,,1,,,,"13,112
（2㎡あたり1人）"
2538,小池共同利用施設,千葉県芝山町小池２３２５－１,千葉県,芝山町,1,1,,1,,1,,,,"516
（2㎡あたり1人）"
2539,芝山小学校,千葉県芝山町新井田６３,千葉県,芝山町,1,1,,1,,1,,,1,"9,381
（2㎡あたり1人）"
2540,芝山町中央公民館,千葉県芝山町小池９８２,千葉県,芝山町,1,1,,1,,1,,,,"315
（2㎡あたり1人）"
2541,芝山文化センター,千葉県芝山町小池９７３,千葉県,芝山町,1,1,,1,,1,,,,"3,558
（2㎡あたり1人）"
2542,芝山中学校,千葉県芝山町高田２３９－１,千葉県,芝山町,1,1,,1,,1,,,1,"23,156
（2㎡あたり1人）"
2543,芝山町福祉センター,千葉県芝山町飯櫃１２６－１,千葉県,芝山町,1,1,,1,,1,,,1,"5,132
（2㎡あたり1人）"
2544,旧大総小学校,千葉県横芝光町木戸台2012,千葉県,横芝光町,1,1,,1,,,,,1,510 (2㎡あたり1人)
2545,横芝中学校,千葉県横芝光町坂田池3-1,千葉県,横芝光町,1,1,,1,1,,,,1,1530(2㎡あたり1人)
2546,横芝小学校,千葉県横芝光町横芝1800,千葉県,横芝光町,1,1,,1,1,,,,1,860(2㎡あたり1人)
2547,横芝光町文化会館,千葉県横芝光町横芝922-1,千葉県,横芝光町,1,1,,1,1,,,,1,610(2㎡あたり1人)
2548,横芝敬愛高等学校,千葉県横芝光町栗山4508,千葉県,横芝光町,1,1,,1,1,,,,1,600(2㎡あたり1人)
2549,上堺小学校,千葉県横芝光町北清水181,千葉県,横芝光町,1,1,,1,1,,,,1,510(2㎡あたり1人)
2550,日吉小学校,千葉県横芝光町篠本5177,千葉県,横芝光町,1,1,,1,,,,,1,445(2㎡あたり1人)
2551,旧南条小学校,千葉県横芝光町小田部1054,千葉県,横芝光町,1,1,,1,,,,,1,540(2㎡あたり1人)
2552,横芝光町町民会館,千葉県横芝光町宮川11907-2,千葉県,横芝光町,1,1,,1,1,,,,1,190(2㎡あたり1人)
2553,町体育館,千葉県横芝光町宮川11905,千葉県,横芝光町,1,1,,1,1,,,,1,430(2㎡あたり1人)
2554,光中学校,千葉県横芝光町宮川5883,千葉県,横芝光町,1,1,,1,1,,,,1,1240(2㎡あたり1人)
2555,光小学校,千葉県横芝光町宮川4655,千葉県,横芝光町,1,1,,1,1,,,,1,520(2㎡あたり1人)
2556,白浜小学校,千葉県横芝光町木戸1334,千葉県,横芝光町,1,1,,1,1,,,,1,505(2㎡あたり1人)
2557,テンダーヴィラ九十九里,千葉県横芝光町屋形5025-3,千葉県,横芝光町,,,,,1,,,,,津波避難ビルとして指定
2558,セザールマンション,千葉県横芝光町尾垂イ3513-39,千葉県,横芝光町,,,,,1,,,,,津波避難ビルとして指定
2559,光楽園老人ホーム,千葉県横芝光町木戸9628-9,千葉県,横芝光町,,,,,1,,,,,津波避難ビルとして指定
2560,津波避難タワー,千葉県横芝光町屋形5275-14,千葉県,横芝光町,,,,,1,,,,,津波避難ビルとして指定
2561,釣ヶ崎グランピングリゾート頂上プール,千葉県一宮町東浪見41-1,千葉県,一宮町,,,,,1,,,,,700
2562,アジュール一ノ宮,千葉県一宮町新地甲2434-1,千葉県,一宮町,,,,,1,,,,,659
2563,一宮中学校,千葉県一宮町一宮5052,千葉県,一宮町,1,1,1,1,1,1,1,,1,170
2564,一宮町役場４階以上,千葉県一宮町一宮2457,千葉県,一宮町,,,,,1,,,,,263
2565,中央公民館,千葉県一宮町一宮2460,千葉県,一宮町,1,1,1,,,1,1,,1,200
2566,玉前神社境内,千葉県一宮町一宮3048,千葉県,一宮町,,,,,1,,,,,587
2567,一宮商業高校グラウンド,千葉県一宮町一宮3287,千葉県,一宮町,,,,,1,,,,,4635
2568,観明寺境内,千葉県一宮町一宮3316,千葉県,一宮町,,,,,1,,,,,250
2569,一宮小学校,千葉県一宮町一宮3351,千葉県,一宮町,1,1,1,1,1,1,1,,1,199
2570,振武館,千葉県一宮町一宮3404,千葉県,一宮町,1,1,1,1,1,1,1,,1,114
2571,ホテル一宮シーサイドオーツカ,千葉県一宮町一宮10000,千葉県,一宮町,,,,,1,,,,,250
2572,ＧＳＳセンター,千葉県一宮町一宮5072,千葉県,一宮町,1,1,1,1,1,1,1,,1,495
2573,一宮館,千葉県一宮町一宮9241,千葉県,一宮町,,,,,1,,,,,117
2574,愛光保育園屋上,千葉県一宮町宮原69,千葉県,一宮町,,,,,1,,,,,135
2575,綱田集会所,千葉県一宮町綱田2,千葉県,一宮町,,,,,1,,,,,369
2576,一宮喜楽園屋上,千葉県一宮町船頭給201,千葉県,一宮町,,,,,1,,,,,313
2577,船頭給県営住宅４階以上,千葉県一宮町船頭給237,千葉県,一宮町,,,,,1,,,,,787
2578,東浪見小学校,千葉県一宮町東浪見1516-2,千葉県,一宮町,1,1,1,1,,1,1,,1,159
2579,遍照寺境内,千葉県一宮町東浪見3009,千葉県,一宮町,,,,,1,,,,,382
2580,一の宮カントリー倶楽部,千葉県一宮町東浪見3166,千葉県,一宮町,,,,,1,,,,,448
2581,グランドヴィュー・一宮,千葉県一宮町東浪見60-1,千葉県,一宮町,,,,,1,,,,,436
2582,クレメンティアＡ＆Ｎ,千葉県一宮町東浪見6918-1,千葉県,一宮町,,,,,1,,,,,177
2583,リブコースト一宮,千葉県一宮町東浪見6989-3,千葉県,一宮町,,,,,1,,,,,235
2584,本給望洋公園,千葉県一宮町本給10-1,千葉県,一宮町,,,,,1,,,,,100
2585,八積小学校,千葉県長生村金田2660,千葉県,一宮町,,,,,1,,,,,1000
2586,東京電子健保上総一宮海浜保養所,千葉県一宮町一宮10163,千葉県,一宮町,,,,,1,,,,,135
2587,伊勢化学工業㈱一宮工場本事務所,千葉県一宮町一宮10230-20,千葉県,一宮町,,,,,1,,,,,171
2588,旧瑞沢小学校,千葉県睦沢町大上3220-1,千葉県,睦沢町,1,1,,1,,,,,1,"1,063人
（4㎡／人）"
2589,睦沢小学校,千葉県睦沢町小滝450-1,千葉県,睦沢町,1,1,,1,,,,,1,"1,832人
（4㎡／人）"
2590,一松小学校　屋上,千葉県長生村一松丁573,千葉県,長生村,1,,1,1,1,1,1,,1,"728人
（0.5㎡あたり1人）"
2591,一松小学校　2階,千葉県長生村一松丁573,千葉県,長生村,1,,1,1,1,1,1,1,1,"1336人
（0.5㎡あたり1人）"
2592,高根小学校　2階,千葉県長生村本郷1297,千葉県,長生村,1,,1,1,1,1,1,1,1,"1940人
（0.5㎡あたり1人）"
2593,八積小学校　3階,千葉県長生村金田2660,千葉県,長生村,1,,1,1,1,1,1,1,1,"848人
（0.5㎡あたり1人）"
2594,八積小学校　2階,千葉県長生村金田2660,千葉県,長生村,1,,1,1,1,1,1,1,1,"952人
（0.5㎡あたり1人）"
2595,長生中学校　3階,千葉県長生村岩沼1634,千葉県,長生村,1,,1,1,1,1,1,1,1,"1300人
（0.5㎡あたり1人）"
2596,長生中学校　2階,千葉県長生村岩沼1634,千葉県,長生村,1,,1,1,1,1,1,1,1,"1808人
（0.5㎡あたり1人）"
2597,長生村文化会館　2階,千葉県長生村岩沼2119,千葉県,長生村,1,,1,1,1,1,1,1,1,"220人
（0.5㎡あたり1人）"
2598,長生村役場　3階,千葉県長生村本郷1-77,千葉県,長生村,1,,1,1,1,1,1,1,,"292人
（0.5㎡あたり1人）"
2599,長生村役場　2階,千葉県長生村本郷1-77,千葉県,長生村,1,,1,1,1,1,1,1,,"180人
（0.5㎡あたり1人）"
2600,長生村保健センター　2階,千葉県長生村本郷1-77,千葉県,長生村,1,,1,1,1,1,1,1,1,"420人
（0.5㎡あたり1人）"
2601,長生村福祉センター　2階,千葉県長生村本郷1-77,千葉県,長生村,1,,1,1,1,1,1,1,1,"234人
（0.5㎡あたり1人）"
2602,長生村尼ヶ台総合公園,千葉県長生村本郷5366-1,千葉県,長生村,1,,1,1,1,1,1,1,1,"422人
（0.5㎡あたり1人）"
2603,一松北部コミュニティセンター 屋上,千葉県長生村驚507,千葉県,長生村,1,,1,1,1,1,1,,1,"340人
（0.5㎡あたり1人）"
2604,一松北部コミュニティセンター 2階,千葉県長生村驚507,千葉県,長生村,1,,1,1,1,1,1,1,1,"208人
（0.5㎡あたり1人）"
2605,城之内築山公園,千葉県長生村一松丁2379-1,千葉県,長生村,1,,1,1,1,1,1,,,"580人
（0.5㎡あたり1人）"
2606,竜宮台築山公園,千葉県長生村一松丙2101,千葉県,長生村,1,,1,1,1,1,1,,,"220人
（0.5㎡あたり1人）"
2607,長生村交流センター　2階,千葉県長生村岩沼874-1,千葉県,長生村,1,,1,1,1,1,1,1,1,"884人
（0.5㎡あたり1人）"
2608,白潟地区緊急避難施設,千葉県白子町古所5252,千葉県,白子町,1,,1,1,1,1,1,,,200
2609,関小学校　（校舎屋上）,千葉県白子町関3889-1,千葉県,白子町,1,,1,,1,,1,,1,400
2610,関小学校　（校庭）,千葉県白子町関3889-1,千葉県,白子町,1,,1,1,1,1,1,,1,1300
2611,白子町役場　（駐車場）,千葉県白子町関5074-2,千葉県,白子町,,,1,1,,1,,,,1200
2612,南白亀小学校　（校舎屋上）,千葉県白子町牛込12,千葉県,白子町,1,,1,,1,,1,,1,650
2613,南白亀小学校　（校庭）,千葉県白子町牛込12,千葉県,白子町,1,,1,1,,1,1,,1,1300
2614,白子中学校　（校舎屋上）,千葉県白子町中里860,千葉県,白子町,1,,1,,1,,1,,1,400
2615,白子中学校　（校庭）,千葉県白子町中里860,千葉県,白子町,1,,1,1,1,1,1,,1,6000
2616,白潟小学校　（校舎屋上）,千葉県白子町八斗470,千葉県,白子町,1,,1,,1,,1,,1,500
2617,白潟小学校　（校庭）,千葉県白子町八斗470,千葉県,白子町,1,,1,1,1,1,1,,1,1500
2618,南白亀地区緊急避難施設,千葉県白子町牛込804,千葉県,白子町,1,,1,1,1,1,1,,,280
2619,福祉センター,千葉県長柄町桜谷７１２番地,千葉県,長柄町,1,1,,1,,1,,,1,433
2620,公民館,千葉県長柄町桜谷６９０番地,千葉県,長柄町,1,1,,1,,1,,,1,606
2621,町民体育館,千葉県長柄町鴇谷８７０番地・８７９番地３,千葉県,長柄町,1,1,,1,,1,,,1,650
2622,長柄中学校,千葉県長柄町山根１５００番地,千葉県,長柄町,1,1,,1,,1,,,1,1438
2623,日吉小学校,千葉県長柄町長富１０１番地,千葉県,長柄町,1,1,,1,,1,,,1,936
2624,都市農村交流センター,千葉県長柄町山之郷７０番地１５,千葉県,長柄町,1,1,,1,,1,,,1,400
2625,梅乃木荘,千葉県長柄町刑部５番地,千葉県,長柄町,1,1,,1,,1,,,1,100
2626,長南中学校,千葉県長南町長南2060,千葉県,長南町,1,,,1,,1,,,1,"5,600人
（1㎡あたり1人）"
2627,中央公民館,千葉県長南町長南2125,千葉県,長南町,1,1,,,,,,,1,"1,400人
（1㎡あたり1人）"
2628,旧長南小学校,千葉県長南町長南770-1,千葉県,長南町,1,1,,1,,1,,,1,"3,400人
（1㎡あたり1人）"
2629,旧豊栄小学校,千葉県長南町米満101,千葉県,長南町,1,1,,1,,1,,,1,"2,400人
（1㎡あたり1人）"
2630,旧東小学校,千葉県長南町地引1239,千葉県,長南町,1,1,,1,,1,,,1,"3,300人
（1㎡あたり1人）"
2631,旧西小学校,千葉県長南町佐坪1351,千葉県,長南町,1,1,,1,,1,,,1,"3,500人
（1㎡あたり1人）"
2632,陸上競技場,千葉県長南町報恩寺547-1,千葉県,長南町,,,,1,,1,,,,"17,300人
（1㎡あたり1人）"
2633,老川基幹集落センター,千葉県大多喜町大田代１２２９－１,千葉県,大多喜町,1,1,1,1,1,1,1,1,1,330
2634,旧老川小学校,千葉県大多喜町小田代５２４－１,千葉県,大多喜町,1,,1,1,1,1,1,1,1,400
2635,旧老川小学校会所分校,千葉県大多喜町筒森１７９１,千葉県,大多喜町,1,1,1,,1,1,1,1,,80
2636,西小学校,千葉県大多喜町松尾２７７,千葉県,大多喜町,1,1,1,1,1,1,1,1,1,660
2637,農村コミュニティーセンター,千葉県大多喜町三条４４０－１,千葉県,大多喜町,1,1,1,1,1,1,1,1,1,660
2638,旧西畑小学校田代分校,千葉県大多喜町弓木５５－１,千葉県,大多喜町,1,1,1,,1,1,1,1,,130
2639,"旧西畑小学校宇筒原分校
（宇筒原ふれあいセンター）",千葉県大多喜町宇筒原２６２－１,千葉県,大多喜町,1,1,1,,1,1,1,1,,130
2640,"三育学院中等教育学校
(旧西中学校)",千葉県大多喜町中野５８９,千葉県,大多喜町,1,1,1,1,1,1,1,1,1,930
2641,つぐみの森保育園,千葉県大多喜町中野２６０,千葉県,大多喜町,1,,1,1,1,1,1,1,1,800
2642,旧総元小学校,千葉県大多喜町大戸４３３,千葉県,大多喜町,1,1,1,1,1,1,1,1,1,530
2643,大多喜小学校,千葉県大多喜町大多喜１２,千葉県,大多喜町,1,1,1,1,1,1,1,1,1,660
2644,大多喜中学校,千葉県大多喜町船子１９７,千葉県,大多喜町,1,1,1,1,1,1,1,1,1,800
2645,みつば保育園,千葉県大多喜町船子８３８－２,千葉県,大多喜町,,1,1,1,1,1,1,1,1,1600
2646,中央公民館,千葉県大多喜町大多喜４８６－１０,千葉県,大多喜町,1,,1,1,1,1,1,1,1,260
2647,海洋センター,千葉県大多喜町大多喜４８６－１２,千葉県,大多喜町,1,,1,1,1,1,1,1,1,200
2648,老人福祉センター,千葉県大多喜町新丁１６３,千葉県,大多喜町,,1,1,,1,1,1,1,,100
2649,大多喜高校,千葉県大多喜町大多喜４８１,千葉県,大多喜町,1,,1,1,1,1,1,1,1,1060
2650,旧上瀑小学校,千葉県大多喜町下大多喜１００,千葉県,大多喜町,,1,1,1,1,1,1,1,1,530
2651,御宿中学校,千葉県御宿町新町68-2,千葉県,御宿町,1,1,1,1,1,1,1,,1,5307
2652,旧岩和田小学校,千葉県御宿町岩和田1077,千葉県,御宿町,1,1,1,1,1,1,1,,1,1363
2653,布施小学校,千葉県御宿町上布施909,千葉県,御宿町,1,1,1,1,1,1,1,,1,1600
2654,旧佐久間小学校,千葉県鋸南町上佐久間13,千葉県,鋸南町,1,1,1,1,1,1,,,,4313
2655,竜島集落センター跡地,千葉県鋸南町竜島241,千葉県,鋸南町,1,1,1,1,1,1,,,,424
2656,田子コミュニティセンター,千葉県鋸南町下佐久間1380-1,千葉県,鋸南町,1,,1,1,1,1,,,,43
2657,大崩公民館,千葉県鋸南町大崩1057,千葉県,鋸南町,1,,1,1,1,1,,,1,242
2658,奥山公民館,千葉県鋸南町奥山305,千葉県,鋸南町,1,,1,1,1,1,,,1,181
2659,内宿青年館,千葉県鋸南町勝山63,千葉県,鋸南町,1,,1,1,1,1,,,,43
2660,小保田コミュニティセンター,千葉県鋸南町小保田171,千葉県,鋸南町,1,1,1,1,1,1,,,,59
2661,鋸東コミュニティセンター,千葉県鋸南町市井原4-1,千葉県,鋸南町,1,,1,1,1,1,,,1,703
2662,岩井袋運動場,千葉県鋸南町岩井袋207,千葉県,鋸南町,1,1,1,1,1,1,,,,6698
2663,鋸南中学校,千葉県鋸南町大六165,千葉県,鋸南町,1,1,1,1,1,1,,,1,15026
2664,保健福祉総合センター,千葉県鋸南町保田560,千葉県,鋸南町,1,1,1,1,1,1,,,1,7572
2665,保田総合センター,千葉県鋸南町保田576-1,千葉県,鋸南町,1,1,1,1,1,1,,,,548
2666,道の駅保田小学校,千葉県鋸南町保田724,千葉県,鋸南町,1,1,1,1,1,1,,,1,4604
2667,鋸南海洋センター,千葉県鋸南町竜島1111-6,千葉県,鋸南町,1,1,1,1,1,1,,,1,679
2668,鋸南小学校,千葉県鋸南町下佐久間2500,千葉県,鋸南町,,1,1,1,1,1,,,1,5595
2669,道の駅保田小学校,千葉県鋸南町保田724,千葉県,鋸南町,1,1,1,1,1,1,,,1,4604
2670,鋸南海洋センター,千葉県鋸南町竜島1111-6,千葉県,鋸南町,1,1,1,1,1,1,,,1,679
2671,鋸南小学校,千葉県鋸南町下佐久間2500,千葉県,鋸南町,,1,1,1,1,1,,,1,5595
